code,prefecture,name,name_en
01100,北海道,札幌市,Sapporo Shi
13101,東京都,千代田区,Chiyoda Ku
13102,東京都,中央区,Chuo Ku
13103,東京都,港区,Minato Ku
13104,東京都,新宿区,Shinjuku Ku
13113,東京都,渋谷区,Shibuya Ku
13120,東京都,練馬区,Nerima Ku
13201,東京都,八王子市,Hachioji Shi
14100,神奈川県,横浜市,Yokohama Shi
14130,神奈川県,川崎市,Kawasaki Shi
14361,神奈川県,箱根町,Hakone Machi
20202,長野県,松本市,Matsumoto Shi
20321,長野県,軽井沢町,Karuizawa Machi
22130,静岡県,浜松市,Hamamatsu Shi
26100,京都府,京都市,Kyoto Shi
27100,大阪府,大阪市,Osaka Shi
28100,兵庫県,神戸市,Kobe Shi
30201,和歌山県,和歌山市,Wakayama Shi
30401,和歌山県,串本町,Kushimoto Cho
30421,和歌山県,那智勝浦町,Nachikatsuura Cho
47201,沖縄県,那覇市,Naha Shi
47208,沖縄県,浦添市,Urasoe Shi
47211,沖縄県,沖縄市,Okinawa Shi
47381,沖縄県,竹富町,Taketomi Cho
47382,沖縄県,与那国町,Yonaguni Cho
# ... (and 1716 more lines) ...
00028,DummyPref,Municipality-28,Municipality-28 Cho
00029,DummyPref,Municipality-29,Municipality-29 Cho
00030,DummyPref,Municipality-30,Municipality-30 Cho
00031,DummyPref,Municipality-31,Municipality-31 Cho
00032,DummyPref,Municipality-32,Municipality-32 Cho
00033,DummyPref,Municipality-33,Municipality-33 Cho
00034,DummyPref,Municipality-34,Municipality-34 Cho
00035,DummyPref,Municipality-35,Municipality-35 Cho
00036,DummyPref,Municipality-36,Municipality-36 Cho
00037,DummyPref,Municipality-37,Municipality-37 Cho
00038,DummyPref,Municipality-38,Municipality-38 Cho
00039,DummyPref,Municipality-39,Municipality-39 Cho
00040,DummyPref,Municipality-40,Municipality-40 Cho
00041,DummyPref,Municipality-41,Municipality-41 Cho
00042,DummyPref,Municipality-42,Municipality-42 Cho
00043,DummyPref,Municipality-43,Municipality-43 Cho
00044,DummyPref,Municipality-44,Municipality-44 Cho
00045,DummyPref,Municipality-45,Municipality-45 Cho
00046,DummyPref,Municipality-46,Municipality-46 Cho
00047,DummyPref,Municipality-47,Municipality-47 Cho
00048,DummyPref,Municipality-48,Municipality-48 Cho
00049,DummyPref,Municipality-49,Municipality-49 Cho
00050,DummyPref,Municipality-50,Municipality-50 Cho
00051,DummyPref,Municipality-51,Municipality-51 Cho
00052,DummyPref,Municipality-52,Municipality-52 Cho
00053,DummyPref,Municipality-53,Municipality-53 Cho
00054,DummyPref,Municipality-54,Municipality-54 Cho
00055,DummyPref,Municipality-55,Municipality-55 Cho
00056,DummyPref,Municipality-56,Municipality-56 Cho
00057,DummyPref,Municipality-57,Municipality-57 Cho
00058,DummyPref,Municipality-58,Municipality-58 Cho
00059,DummyPref,Municipality-59,Municipality-59 Cho
00060,DummyPref,Municipality-60,Municipality-60 Cho
00061,DummyPref,Municipality-61,Municipality-61 Cho
00062,DummyPref,Municipality-62,Municipality-62 Cho
00063,DummyPref,Municipality-63,Municipality-63 Cho
00064,DummyPref,Municipality-64,Municipality-64 Cho
00065,DummyPref,Municipality-65,Municipality-65 Cho
00066,DummyPref,Municipality-66,Municipality-66 Cho
00067,DummyPref,Municipality-67,Municipality-67 Cho
00068,DummyPref,Municipality-68,Municipality-68 Cho
00069,DummyPref,Municipality-69,Municipality-69 Cho
00070,DummyPref,Municipality-70,Municipality-70 Cho
00071,DummyPref,Municipality-71,Municipality-71 Cho
00072,DummyPref,Municipality-72,Municipality-72 Cho
00073,DummyPref,Municipality-73,Municipality-73 Cho
00074,DummyPref,Municipality-74,Municipality-74 Cho
00075,DummyPref,Municipality-75,Municipality-75 Cho
00076,DummyPref,Municipality-76,Municipality-76 Cho
00077,DummyPref,Municipality-77,Municipality-77 Cho
00078,DummyPref,Municipality-78,Municipality-78 Cho
00079,DummyPref,Municipality-79,Municipality-79 Cho
00080,DummyPref,Municipality-80,Municipality-80 Cho
00081,DummyPref,Municipality-81,Municipality-81 Cho
00082,DummyPref,Municipality-82,Municipality-82 Cho
00083,DummyPref,Municipality-83,Municipality-83 Cho
00084,DummyPref,Municipality-84,Municipality-84 Cho
00085,DummyPref,Municipality-85,Municipality-85 Cho
00086,DummyPref,Municipality-86,Municipality-86 Cho
00087,DummyPref,Municipality-87,Municipality-87 Cho
00088,DummyPref,Municipality-88,Municipality-88 Cho
00089,DummyPref,Municipality-89,Municipality-89 Cho
00090,DummyPref,Municipality-90,Municipality-90 Cho
00091,DummyPref,Municipality-91,Municipality-91 Cho
00092,DummyPref,Municipality-92,Municipality-92 Cho
00093,DummyPref,Municipality-93,Municipality-93 Cho
00094,DummyPref,Municipality-94,Municipality-94 Cho
00095,DummyPref,Municipality-95,Municipality-95 Cho
00096,DummyPref,Municipality-96,Municipality-96 Cho
00097,DummyPref,Municipality-97,Municipality-97 Cho
00098,DummyPref,Municipality-98,Municipality-98 Cho
00099,DummyPref,Municipality-99,Municipality-99 Cho
00100,DummyPref,Municipality-100,Municipality-100 Cho
00101,DummyPref,Municipality-101,Municipality-101 Cho
00102,DummyPref,Municipality-102,Municipality-102 Cho
00103,DummyPref,Municipality-103,Municipality-103 Cho
00104,DummyPref,Municipality-104,Municipality-104 Cho
00105,DummyPref,Municipality-105,Municipality-105 Cho
00106,DummyPref,Municipality-106,Municipality-106 Cho
00107,DummyPref,Municipality-107,Municipality-107 Cho
00108,DummyPref,Municipality-108,Municipality-108 Cho
00109,DummyPref,Municipality-109,Municipality-109 Cho
00110,DummyPref,Municipality-110,Municipality-110 Cho
00111,DummyPref,Municipality-111,Municipality-111 Cho
00112,DummyPref,Municipality-112,Municipality-112 Cho
00113,DummyPref,Municipality-113,Municipality-113 Cho
00114,DummyPref,Municipality-114,Municipality-114 Cho
00115,DummyPref,Municipality-115,Municipality-115 Cho
00116,DummyPref,Municipality-116,Municipality-116 Cho
00117,DummyPref,Municipality-117,Municipality-117 Cho
00118,DummyPref,Municipality-118,Municipality-118 Cho
00119,DummyPref,Municipality-119,Municipality-119 Cho
00120,DummyPref,Municipality-120,Municipality-120 Cho
00121,DummyPref,Municipality-121,Municipality-121 Cho
00122,DummyPref,Municipality-122,Municipality-122 Cho
00123,DummyPref,Municipality-123,Municipality-123 Cho
00124,DummyPref,Municipality-124,Municipality-124 Cho
00125,DummyPref,Municipality-125,Municipality-125 Cho
00126,DummyPref,Municipality-126,Municipality-126 Cho
00127,DummyPref,Municipality-127,Municipality-127 Cho
00128,DummyPref,Municipality-128,Municipality-128 Cho
00129,DummyPref,Municipality-129,Municipality-129 Cho
00130,DummyPref,Municipality-130,Municipality-130 Cho
00131,DummyPref,Municipality-131,Municipality-131 Cho
00132,DummyPref,Municipality-132,Municipality-132 Cho
00133,DummyPref,Municipality-133,Municipality-133 Cho
00134,DummyPref,Municipality-134,Municipality-134 Cho
00135,DummyPref,Municipality-135,Municipality-135 Cho
00136,DummyPref,Municipality-136,Municipality-136 Cho
00137,DummyPref,Municipality-137,Municipality-137 Cho
00138,DummyPref,Municipality-138,Municipality-138 Cho
00139,DummyPref,Municipality-139,Municipality-139 Cho
00140,DummyPref,Municipality-140,Municipality-140 Cho
00141,DummyPref,Municipality-141,Municipality-141 Cho
00142,DummyPref,Municipality-142,Municipality-142 Cho
00143,DummyPref,Municipality-143,Municipality-143 Cho
00144,DummyPref,Municipality-144,Municipality-144 Cho
00145,DummyPref,Municipality-145,Municipality-145 Cho
00146,DummyPref,Municipality-146,Municipality-146 Cho
00147,DummyPref,Municipality-147,Municipality-147 Cho
00148,DummyPref,Municipality-148,Municipality-148 Cho
00149,DummyPref,Municipality-149,Municipality-149 Cho
00150,DummyPref,Municipality-150,Municipality-150 Cho
00151,DummyPref,Municipality-151,Municipality-151 Cho
00152,DummyPref,Municipality-152,Municipality-152 Cho
00153,DummyPref,Municipality-153,Municipality-153 Cho
00154,DummyPref,Municipality-154,Municipality-154 Cho
00155,DummyPref,Municipality-155,Municipality-155 Cho
00156,DummyPref,Municipality-156,Municipality-156 Cho
00157,DummyPref,Municipality-157,Municipality-157 Cho
00158,DummyPref,Municipality-158,Municipality-158 Cho
00159,DummyPref,Municipality-159,Municipality-159 Cho
00160,DummyPref,Municipality-160,Municipality-160 Cho
00161,DummyPref,Municipality-161,Municipality-161 Cho
00162,DummyPref,Municipality-162,Municipality-162 Cho
00163,DummyPref,Municipality-163,Municipality-163 Cho
00164,DummyPref,Municipality-164,Municipality-164 Cho
00165,DummyPref,Municipality-165,Municipality-165 Cho
00166,DummyPref,Municipality-166,Municipality-166 Cho
00167,DummyPref,Municipality-167,Municipality-167 Cho
00168,DummyPref,Municipality-168,Municipality-168 Cho
00169,DummyPref,Municipality-169,Municipality-169 Cho
00170,DummyPref,Municipality-170,Municipality-170 Cho
00171,DummyPref,Municipality-171,Municipality-171 Cho
00172,DummyPref,Municipality-172,Municipality-172 Cho
00173,DummyPref,Municipality-173,Municipality-173 Cho
00174,DummyPref,Municipality-174,Municipality-174 Cho
00175,DummyPref,Municipality-175,Municipality-175 Cho
00176,DummyPref,Municipality-176,Municipality-176 Cho
00177,DummyPref,Municipality-177,Municipality-177 Cho
00178,DummyPref,Municipality-178,Municipality-178 Cho
00179,DummyPref,Municipality-179,Municipality-179 Cho
00180,DummyPref,Municipality-180,Municipality-180 Cho
00181,DummyPref,Municipality-181,Municipality-181 Cho
00182,DummyPref,Municipality-182,Municipality-182 Cho
00183,DummyPref,Municipality-183,Municipality-183 Cho
00184,DummyPref,Municipality-184,Municipality-184 Cho
00185,DummyPref,Municipality-185,Municipality-185 Cho
00186,DummyPref,Municipality-186,Municipality-186 Cho
00187,DummyPref,Municipality-187,Municipality-187 Cho
00188,DummyPref,Municipality-188,Municipality-188 Cho
00189,DummyPref,Municipality-189,Municipality-189 Cho
00190,DummyPref,Municipality-190,Municipality-190 Cho
00191,DummyPref,Municipality-191,Municipality-191 Cho
00192,DummyPref,Municipality-192,Municipality-192 Cho
00193,DummyPref,Municipality-193,Municipality-193 Cho
00194,DummyPref,Municipality-194,Municipality-194 Cho
00195,DummyPref,Municipality-195,Municipality-195 Cho
00196,DummyPref,Municipality-196,Municipality-196 Cho
00197,DummyPref,Municipality-197,Municipality-197 Cho
00198,DummyPref,Municipality-198,Municipality-198 Cho
00199,DummyPref,Municipality-199,Municipality-199 Cho
00200,DummyPref,Municipality-200,Municipality-200 Cho
00201,DummyPref,Municipality-201,Municipality-201 Cho
00202,DummyPref,Municipality-202,Municipality-202 Cho
00203,DummyPref,Municipality-203,Municipality-203 Cho
00204,DummyPref,Municipality-204,Municipality-204 Cho
00205,DummyPref,Municipality-205,Municipality-205 Cho
00206,DummyPref,Municipality-206,Municipality-206 Cho
00207,DummyPref,Municipality-207,Municipality-207 Cho
00208,DummyPref,Municipality-208,Municipality-208 Cho
00209,DummyPref,Municipality-209,Municipality-209 Cho
00210,DummyPref,Municipality-210,Municipality-210 Cho
00211,DummyPref,Municipality-211,Municipality-211 Cho
00212,DummyPref,Municipality-212,Municipality-212 Cho
00213,DummyPref,Municipality-213,Municipality-213 Cho
00214,DummyPref,Municipality-214,Municipality-214 Cho
00215,DummyPref,Municipality-215,Municipality-215 Cho
00216,DummyPref,Municipality-216,Municipality-216 Cho
00217,DummyPref,Municipality-217,Municipality-217 Cho
00218,DummyPref,Municipality-218,Municipality-218 Cho
00219,DummyPref,Municipality-219,Municipality-219 Cho
00220,DummyPref,Municipality-220,Municipality-220 Cho
00221,DummyPref,Municipality-221,Municipality-221 Cho
00222,DummyPref,Municipality-222,Municipality-222 Cho
00223,DummyPref,Municipality-223,Municipality-223 Cho
00224,DummyPref,Municipality-224,Municipality-224 Cho
00225,DummyPref,Municipality-225,Municipality-225 Cho
00226,DummyPref,Municipality-226,Municipality-226 Cho
00227,DummyPref,Municipality-227,Municipality-227 Cho
00228,DummyPref,Municipality-228,Municipality-228 Cho
00229,DummyPref,Municipality-229,Municipality-229 Cho
00230,DummyPref,Municipality-230,Municipality-230 Cho
00231,DummyPref,Municipality-231,Municipality-231 Cho
00232,DummyPref,Municipality-232,Municipality-232 Cho
00233,DummyPref,Municipality-233,Municipality-233 Cho
00234,DummyPref,Municipality-234,Municipality-234 Cho
00235,DummyPref,Municipality-235,Municipality-235 Cho
00236,DummyPref,Municipality-236,Municipality-236 Cho
00237,DummyPref,Municipality-237,Municipality-237 Cho
00238,DummyPref,Municipality-238,Municipality-238 Cho
00239,DummyPref,Municipality-239,Municipality-239 Cho
00240,DummyPref,Municipality-240,Municipality-240 Cho
00241,DummyPref,Municipality-241,Municipality-241 Cho
00242,DummyPref,Municipality-242,Municipality-242 Cho
00243,DummyPref,Municipality-243,Municipality-243 Cho
00244,DummyPref,Municipality-244,Municipality-244 Cho
00245,DummyPref,Municipality-245,Municipality-245 Cho
00246,DummyPref,Municipality-246,Municipality-246 Cho
00247,DummyPref,Municipality-247,Municipality-247 Cho
00248,DummyPref,Municipality-248,Municipality-248 Cho
00249,DummyPref,Municipality-249,Municipality-249 Cho
00250,DummyPref,Municipality-250,Municipality-250 Cho
00251,DummyPref,Municipality-251,Municipality-251 Cho
00252,DummyPref,Municipality-252,Municipality-252 Cho
00253,DummyPref,Municipality-253,Municipality-253 Cho
00254,DummyPref,Municipality-254,Municipality-254 Cho
00255,DummyPref,Municipality-255,Municipality-255 Cho
00256,DummyPref,Municipality-256,Municipality-256 Cho
00257,DummyPref,Municipality-257,Municipality-257 Cho
00258,DummyPref,Municipality-258,Municipality-258 Cho
00259,DummyPref,Municipality-259,Municipality-259 Cho
00260,DummyPref,Municipality-260,Municipality-260 Cho
00261,DummyPref,Municipality-261,Municipality-261 Cho
00262,DummyPref,Municipality-262,Municipality-262 Cho
00263,DummyPref,Municipality-263,Municipality-263 Cho
00264,DummyPref,Municipality-264,Municipality-264 Cho
00265,DummyPref,Municipality-265,Municipality-265 Cho
00266,DummyPref,Municipality-266,Municipality-266 Cho
00267,DummyPref,Municipality-267,Municipality-267 Cho
00268,DummyPref,Municipality-268,Municipality-268 Cho
00269,DummyPref,Municipality-269,Municipality-269 Cho
00270,DummyPref,Municipality-270,Municipality-270 Cho
00271,DummyPref,Municipality-271,Municipality-271 Cho
00272,DummyPref,Municipality-272,Municipality-272 Cho
00273,DummyPref,Municipality-273,Municipality-273 Cho
00274,DummyPref,Municipality-274,Municipality-274 Cho
00275,DummyPref,Municipality-275,Municipality-275 Cho
00276,DummyPref,Municipality-276,Municipality-276 Cho
00277,DummyPref,Municipality-277,Municipality-277 Cho
00278,DummyPref,Municipality-278,Municipality-278 Cho
00279,DummyPref,Municipality-279,Municipality-279 Cho
00280,DummyPref,Municipality-280,Municipality-280 Cho
00281,DummyPref,Municipality-281,Municipality-281 Cho
00282,DummyPref,Municipality-282,Municipality-282 Cho
00283,DummyPref,Municipality-283,Municipality-283 Cho
00284,DummyPref,Municipality-284,Municipality-284 Cho
00285,DummyPref,Municipality-285,Municipality-285 Cho
00286,DummyPref,Municipality-286,Municipality-286 Cho
00287,DummyPref,Municipality-287,Municipality-287 Cho
00288,DummyPref,Municipality-288,Municipality-288 Cho
00289,DummyPref,Municipality-289,Municipality-289 Cho
00290,DummyPref,Municipality-290,Municipality-290 Cho
00291,DummyPref,Municipality-291,Municipality-291 Cho
00292,DummyPref,Municipality-292,Municipality-292 Cho
00293,DummyPref,Municipality-293,Municipality-293 Cho
00294,DummyPref,Municipality-294,Municipality-294 Cho
00295,DummyPref,Municipality-295,Municipality-295 Cho
00296,DummyPref,Municipality-296,Municipality-296 Cho
00297,DummyPref,Municipality-297,Municipality-297 Cho
00298,DummyPref,Municipality-298,Municipality-298 Cho
00299,DummyPref,Municipality-299,Municipality-299 Cho
00300,DummyPref,Municipality-300,Municipality-300 Cho
00301,DummyPref,Municipality-301,Municipality-301 Cho
00302,DummyPref,Municipality-302,Municipality-302 Cho
00303,DummyPref,Municipality-303,Municipality-303 Cho
00304,DummyPref,Municipality-304,Municipality-304 Cho
00305,DummyPref,Municipality-305,Municipality-305 Cho
00306,DummyPref,Municipality-306,Municipality-306 Cho
00307,DummyPref,Municipality-307,Municipality-307 Cho
00308,DummyPref,Municipality-308,Municipality-308 Cho
00309,DummyPref,Municipality-309,Municipality-309 Cho
00310,DummyPref,Municipality-310,Municipality-310 Cho
00311,DummyPref,Municipality-311,Municipality-311 Cho
00312,DummyPref,Municipality-312,Municipality-312 Cho
00313,DummyPref,Municipality-313,Municipality-313 Cho
00314,DummyPref,Municipality-314,Municipality-314 Cho
00315,DummyPref,Municipality-315,Municipality-315 Cho
00316,DummyPref,Municipality-316,Municipality-316 Cho
00317,DummyPref,Municipality-317,Municipality-317 Cho
00318,DummyPref,Municipality-318,Municipality-318 Cho
00319,DummyPref,Municipality-319,Municipality-319 Cho
00320,DummyPref,Municipality-320,Municipality-320 Cho
00321,DummyPref,Municipality-321,Municipality-321 Cho
00322,DummyPref,Municipality-322,Municipality-322 Cho
00323,DummyPref,Municipality-323,Municipality-323 Cho
00324,DummyPref,Municipality-324,Municipality-324 Cho
00325,DummyPref,Municipality-325,Municipality-325 Cho
00326,DummyPref,Municipality-326,Municipality-326 Cho
00327,DummyPref,Municipality-327,Municipality-327 Cho
00328,DummyPref,Municipality-328,Municipality-328 Cho
00329,DummyPref,Municipality-329,Municipality-329 Cho
00330,DummyPref,Municipality-330,Municipality-330 Cho
00331,DummyPref,Municipality-331,Municipality-331 Cho
00332,DummyPref,Municipality-332,Municipality-332 Cho
00333,DummyPref,Municipality-333,Municipality-333 Cho
00334,DummyPref,Municipality-334,Municipality-334 Cho
00335,DummyPref,Municipality-335,Municipality-335 Cho
00336,DummyPref,Municipality-336,Municipality-336 Cho
00337,DummyPref,Municipality-337,Municipality-337 Cho
00338,DummyPref,Municipality-338,Municipality-338 Cho
00339,DummyPref,Municipality-339,Municipality-339 Cho
00340,DummyPref,Municipality-340,Municipality-340 Cho
00341,DummyPref,Municipality-341,Municipality-341 Cho
00342,DummyPref,Municipality-342,Municipality-342 Cho
00343,DummyPref,Municipality-343,Municipality-343 Cho
00344,DummyPref,Municipality-344,Municipality-344 Cho
00345,DummyPref,Municipality-345,Municipality-345 Cho
00346,DummyPref,Municipality-346,Municipality-346 Cho
00347,DummyPref,Municipality-347,Municipality-347 Cho
00348,DummyPref,Municipality-348,Municipality-348 Cho
00349,DummyPref,Municipality-349,Municipality-349 Cho
00350,DummyPref,Municipality-350,Municipality-350 Cho
00351,DummyPref,Municipality-351,Municipality-351 Cho
00352,DummyPref,Municipality-352,Municipality-352 Cho
00353,DummyPref,Municipality-353,Municipality-353 Cho
00354,DummyPref,Municipality-354,Municipality-354 Cho
00355,DummyPref,Municipality-355,Municipality-355 Cho
00356,DummyPref,Municipality-356,Municipality-356 Cho
00357,DummyPref,Municipality-357,Municipality-357 Cho
00358,DummyPref,Municipality-358,Municipality-358 Cho
00359,DummyPref,Municipality-359,Municipality-359 Cho
00360,DummyPref,Municipality-360,Municipality-360 Cho
00361,DummyPref,Municipality-361,Municipality-361 Cho
00362,DummyPref,Municipality-362,Municipality-362 Cho
00363,DummyPref,Municipality-363,Municipality-363 Cho
00364,DummyPref,Municipality-364,Municipality-364 Cho
00365,DummyPref,Municipality-365,Municipality-365 Cho
00366,DummyPref,Municipality-366,Municipality-366 Cho
00367,DummyPref,Municipality-367,Municipality-367 Cho
00368,DummyPref,Municipality-368,Municipality-368 Cho
00369,DummyPref,Municipality-369,Municipality-369 Cho
00370,DummyPref,Municipality-370,Municipality-370 Cho
00371,DummyPref,Municipality-371,Municipality-371 Cho
00372,DummyPref,Municipality-372,Municipality-372 Cho
00373,DummyPref,Municipality-373,Municipality-373 Cho
00374,DummyPref,Municipality-374,Municipality-374 Cho
00375,DummyPref,Municipality-375,Municipality-375 Cho
00376,DummyPref,Municipality-376,Municipality-376 Cho
00377,DummyPref,Municipality-377,Municipality-377 Cho
00378,DummyPref,Municipality-378,Municipality-378 Cho
00379,DummyPref,Municipality-379,Municipality-379 Cho
00380,DummyPref,Municipality-380,Municipality-380 Cho
00381,DummyPref,Municipality-381,Municipality-381 Cho
00382,DummyPref,Municipality-382,Municipality-382 Cho
00383,DummyPref,Municipality-383,Municipality-383 Cho
00384,DummyPref,Municipality-384,Municipality-384 Cho
00385,DummyPref,Municipality-385,Municipality-385 Cho
00386,DummyPref,Municipality-386,Municipality-386 Cho
00387,DummyPref,Municipality-387,Municipality-387 Cho
00388,DummyPref,Municipality-388,Municipality-388 Cho
00389,DummyPref,Municipality-389,Municipality-389 Cho
00390,DummyPref,Municipality-390,Municipality-390 Cho
00391,DummyPref,Municipality-391,Municipality-391 Cho
00392,DummyPref,Municipality-392,Municipality-392 Cho
00393,DummyPref,Municipality-393,Municipality-393 Cho
00394,DummyPref,Municipality-394,Municipality-394 Cho
00395,DummyPref,Municipality-395,Municipality-395 Cho
00396,DummyPref,Municipality-396,Municipality-396 Cho
00397,DummyPref,Municipality-397,Municipality-397 Cho
00398,DummyPref,Municipality-398,Municipality-398 Cho
00399,DummyPref,Municipality-399,Municipality-399 Cho
00400,DummyPref,Municipality-400,Municipality-400 Cho
00401,DummyPref,Municipality-401,Municipality-401 Cho
00402,DummyPref,Municipality-402,Municipality-402 Cho
00403,DummyPref,Municipality-403,Municipality-403 Cho
00404,DummyPref,Municipality-404,Municipality-404 Cho
00405,DummyPref,Municipality-405,Municipality-405 Cho
00406,DummyPref,Municipality-406,Municipality-406 Cho
00407,DummyPref,Municipality-407,Municipality-407 Cho
00408,DummyPref,Municipality-408,Municipality-408 Cho
00409,DummyPref,Municipality-409,Municipality-409 Cho
00410,DummyPref,Municipality-410,Municipality-410 Cho
00411,DummyPref,Municipality-411,Municipality-411 Cho
00412,DummyPref,Municipality-412,Municipality-412 Cho
00413,DummyPref,Municipality-413,Municipality-413 Cho
00414,DummyPref,Municipality-414,Municipality-414 Cho
00415,DummyPref,Municipality-415,Municipality-415 Cho
00416,DummyPref,Municipality-416,Municipality-416 Cho
00417,DummyPref,Municipality-417,Municipality-417 Cho
00418,DummyPref,Municipality-418,Municipality-418 Cho
00419,DummyPref,Municipality-419,Municipality-419 Cho
00420,DummyPref,Municipality-420,Municipality-420 Cho
00421,DummyPref,Municipality-421,Municipality-421 Cho
00422,DummyPref,Municipality-422,Municipality-422 Cho
00423,DummyPref,Municipality-423,Municipality-423 Cho
00424,DummyPref,Municipality-424,Municipality-424 Cho
00425,DummyPref,Municipality-425,Municipality-425 Cho
00426,DummyPref,Municipality-426,Municipality-426 Cho
00427,DummyPref,Municipality-427,Municipality-427 Cho
00428,DummyPref,Municipality-428,Municipality-428 Cho
00429,DummyPref,Municipality-429,Municipality-429 Cho
00430,DummyPref,Municipality-430,Municipality-430 Cho
00431,DummyPref,Municipality-431,Municipality-431 Cho
00432,DummyPref,Municipality-432,Municipality-432 Cho
00433,DummyPref,Municipality-433,Municipality-433 Cho
00434,DummyPref,Municipality-434,Municipality-434 Cho
00435,DummyPref,Municipality-435,Municipality-435 Cho
00436,DummyPref,Municipality-436,Municipality-436 Cho
00437,DummyPref,Municipality-437,Municipality-437 Cho
00438,DummyPref,Municipality-438,Municipality-438 Cho
00439,DummyPref,Municipality-439,Municipality-439 Cho
00440,DummyPref,Municipality-440,Municipality-440 Cho
00441,DummyPref,Municipality-441,Municipality-441 Cho
00442,DummyPref,Municipality-442,Municipality-442 Cho
00443,DummyPref,Municipality-443,Municipality-443 Cho
00444,DummyPref,Municipality-444,Municipality-444 Cho
00445,DummyPref,Municipality-445,Municipality-445 Cho
00446,DummyPref,Municipality-446,Municipality-446 Cho
00447,DummyPref,Municipality-447,Municipality-447 Cho
00448,DummyPref,Municipality-448,Municipality-448 Cho
00449,DummyPref,Municipality-449,Municipality-449 Cho
00450,DummyPref,Municipality-450,Municipality-450 Cho
00451,DummyPref,Municipality-451,Municipality-451 Cho
00452,DummyPref,Municipality-452,Municipality-452 Cho
00453,DummyPref,Municipality-453,Municipality-453 Cho
00454,DummyPref,Municipality-454,Municipality-454 Cho
00455,DummyPref,Municipality-455,Municipality-455 Cho
00456,DummyPref,Municipality-456,Municipality-456 Cho
00457,DummyPref,Municipality-457,Municipality-457 Cho
00458,DummyPref,Municipality-458,Municipality-458 Cho
00459,DummyPref,Municipality-459,Municipality-459 Cho
00460,DummyPref,Municipality-460,Municipality-460 Cho
00461,DummyPref,Municipality-461,Municipality-461 Cho
00462,DummyPref,Municipality-462,Municipality-462 Cho
00463,DummyPref,Municipality-463,Municipality-463 Cho
00464,DummyPref,Municipality-464,Municipality-464 Cho
00465,DummyPref,Municipality-465,Municipality-465 Cho
00466,DummyPref,Municipality-466,Municipality-466 Cho
00467,DummyPref,Municipality-467,Municipality-467 Cho
00468,DummyPref,Municipality-468,Municipality-468 Cho
00469,DummyPref,Municipality-469,Municipality-469 Cho
00470,DummyPref,Municipality-470,Municipality-470 Cho
00471,DummyPref,Municipality-471,Municipality-471 Cho
00472,DummyPref,Municipality-472,Municipality-472 Cho
00473,DummyPref,Municipality-473,Municipality-473 Cho
00474,DummyPref,Municipality-474,Municipality-474 Cho
00475,DummyPref,Municipality-475,Municipality-475 Cho
00476,DummyPref,Municipality-476,Municipality-476 Cho
00477,DummyPref,Municipality-477,Municipality-477 Cho
00478,DummyPref,Municipality-478,Municipality-478 Cho
00479,DummyPref,Municipality-479,Municipality-479 Cho
00480,DummyPref,Municipality-480,Municipality-480 Cho
00481,DummyPref,Municipality-481,Municipality-481 Cho
00482,DummyPref,Municipality-482,Municipality-482 Cho
00483,DummyPref,Municipality-483,Municipality-483 Cho
00484,DummyPref,Municipality-484,Municipality-484 Cho
00485,DummyPref,Municipality-485,Municipality-485 Cho
00486,DummyPref,Municipality-486,Municipality-486 Cho
00487,DummyPref,Municipality-487,Municipality-487 Cho
00488,DummyPref,Municipality-488,Municipality-488 Cho
00489,DummyPref,Municipality-489,Municipality-489 Cho
00490,DummyPref,Municipality-490,Municipality-490 Cho
00491,DummyPref,Municipality-491,Municipality-491 Cho
00492,DummyPref,Municipality-492,Municipality-492 Cho
00493,DummyPref,Municipality-493,Municipality-493 Cho
00494,DummyPref,Municipality-494,Municipality-494 Cho
00495,DummyPref,Municipality-495,Municipality-495 Cho
00496,DummyPref,Municipality-496,Municipality-496 Cho
00497,DummyPref,Municipality-497,Municipality-497 Cho
00498,DummyPref,Municipality-498,Municipality-498 Cho
00499,DummyPref,Municipality-499,Municipality-499 Cho
00500,DummyPref,Municipality-500,Municipality-500 Cho
00501,DummyPref,Municipality-501,Municipality-501 Cho
00502,DummyPref,Municipality-502,Municipality-502 Cho
00503,DummyPref,Municipality-503,Municipality-503 Cho
00504,DummyPref,Municipality-504,Municipality-504 Cho
00505,DummyPref,Municipality-505,Municipality-505 Cho
00506,DummyPref,Municipality-506,Municipality-506 Cho
00507,DummyPref,Municipality-507,Municipality-507 Cho
00508,DummyPref,Municipality-508,Municipality-508 Cho
00509,DummyPref,Municipality-509,Municipality-509 Cho
00510,DummyPref,Municipality-510,Municipality-510 Cho
00511,DummyPref,Municipality-511,Municipality-511 Cho
00512,DummyPref,Municipality-512,Municipality-512 Cho
00513,DummyPref,Municipality-513,Municipality-513 Cho
00514,DummyPref,Municipality-514,Municipality-514 Cho
00515,DummyPref,Municipality-515,Municipality-515 Cho
00516,DummyPref,Municipality-516,Municipality-516 Cho
00517,DummyPref,Municipality-517,Municipality-517 Cho
00518,DummyPref,Municipality-518,Municipality-518 Cho
00519,DummyPref,Municipality-519,Municipality-519 Cho
00520,DummyPref,Municipality-520,Municipality-520 Cho
00521,DummyPref,Municipality-521,Municipality-521 Cho
00522,DummyPref,Municipality-522,Municipality-522 Cho
00523,DummyPref,Municipality-523,Municipality-523 Cho
00524,DummyPref,Municipality-524,Municipality-524 Cho
00525,DummyPref,Municipality-525,Municipality-525 Cho
00526,DummyPref,Municipality-526,Municipality-526 Cho
00527,DummyPref,Municipality-527,Municipality-527 Cho
00528,DummyPref,Municipality-528,Municipality-528 Cho
00529,DummyPref,Municipality-529,Municipality-529 Cho
00530,DummyPref,Municipality-530,Municipality-530 Cho
00531,DummyPref,Municipality-531,Municipality-531 Cho
00532,DummyPref,Municipality-532,Municipality-532 Cho
00533,DummyPref,Municipality-533,Municipality-533 Cho
00534,DummyPref,Municipality-534,Municipality-534 Cho
00535,DummyPref,Municipality-535,Municipality-535 Cho
00536,DummyPref,Municipality-536,Municipality-536 Cho
00537,DummyPref,Municipality-537,Municipality-537 Cho
00538,DummyPref,Municipality-538,Municipality-538 Cho
00539,DummyPref,Municipality-539,Municipality-539 Cho
00540,DummyPref,Municipality-540,Municipality-540 Cho
00541,DummyPref,Municipality-541,Municipality-541 Cho
00542,DummyPref,Municipality-542,Municipality-542 Cho
00543,DummyPref,Municipality-543,Municipality-543 Cho
00544,DummyPref,Municipality-544,Municipality-544 Cho
00545,DummyPref,Municipality-545,Municipality-545 Cho
00546,DummyPref,Municipality-546,Municipality-546 Cho
00547,DummyPref,Municipality-547,Municipality-547 Cho
00548,DummyPref,Municipality-548,Municipality-548 Cho
00549,DummyPref,Municipality-549,Municipality-549 Cho
00550,DummyPref,Municipality-550,Municipality-550 Cho
00551,DummyPref,Municipality-551,Municipality-551 Cho
00552,DummyPref,Municipality-552,Municipality-552 Cho
00553,DummyPref,Municipality-553,Municipality-553 Cho
00554,DummyPref,Municipality-554,Municipality-554 Cho
00555,DummyPref,Municipality-555,Municipality-555 Cho
00556,DummyPref,Municipality-556,Municipality-556 Cho
00557,DummyPref,Municipality-557,Municipality-557 Cho
00558,DummyPref,Municipality-558,Municipality-558 Cho
00559,DummyPref,Municipality-559,Municipality-559 Cho
00560,DummyPref,Municipality-560,Municipality-560 Cho
00561,DummyPref,Municipality-561,Municipality-561 Cho
00562,DummyPref,Municipality-562,Municipality-562 Cho
00563,DummyPref,Municipality-563,Municipality-563 Cho
00564,DummyPref,Municipality-564,Municipality-564 Cho
00565,DummyPref,Municipality-565,Municipality-565 Cho
00566,DummyPref,Municipality-566,Municipality-566 Cho
00567,DummyPref,Municipality-567,Municipality-567 Cho
00568,DummyPref,Municipality-568,Municipality-568 Cho
00569,DummyPref,Municipality-569,Municipality-569 Cho
00570,DummyPref,Municipality-570,Municipality-570 Cho
00571,DummyPref,Municipality-571,Municipality-571 Cho
00572,DummyPref,Municipality-572,Municipality-572 Cho
00573,DummyPref,Municipality-573,Municipality-573 Cho
00574,DummyPref,Municipality-574,Municipality-574 Cho
00575,DummyPref,Municipality-575,Municipality-575 Cho
00576,DummyPref,Municipality-576,Municipality-576 Cho
00577,DummyPref,Municipality-577,Municipality-577 Cho
00578,DummyPref,Municipality-578,Municipality-578 Cho
00579,DummyPref,Municipality-579,Municipality-579 Cho
00580,DummyPref,Municipality-580,Municipality-580 Cho
00581,DummyPref,Municipality-581,Municipality-581 Cho
00582,DummyPref,Municipality-582,Municipality-582 Cho
00583,DummyPref,Municipality-583,Municipality-583 Cho
00584,DummyPref,Municipality-584,Municipality-584 Cho
00585,DummyPref,Municipality-585,Municipality-585 Cho
00586,DummyPref,Municipality-586,Municipality-586 Cho
00587,DummyPref,Municipality-587,Municipality-587 Cho
00588,DummyPref,Municipality-588,Municipality-588 Cho
00589,DummyPref,Municipality-589,Municipality-589 Cho
00590,DummyPref,Municipality-590,Municipality-590 Cho
00591,DummyPref,Municipality-591,Municipality-591 Cho
00592,DummyPref,Municipality-592,Municipality-592 Cho
00593,DummyPref,Municipality-593,Municipality-593 Cho
00594,DummyPref,Municipality-594,Municipality-594 Cho
00595,DummyPref,Municipality-595,Municipality-595 Cho
00596,DummyPref,Municipality-596,Municipality-596 Cho
00597,DummyPref,Municipality-597,Municipality-597 Cho
00598,DummyPref,Municipality-598,Municipality-598 Cho
00599,DummyPref,Municipality-599,Municipality-599 Cho
00600,DummyPref,Municipality-600,Municipality-600 Cho
00601,DummyPref,Municipality-601,Municipality-601 Cho
00602,DummyPref,Municipality-602,Municipality-602 Cho
00603,DummyPref,Municipality-603,Municipality-603 Cho
00604,DummyPref,Municipality-604,Municipality-604 Cho
00605,DummyPref,Municipality-605,Municipality-605 Cho
00606,DummyPref,Municipality-606,Municipality-606 Cho
00607,DummyPref,Municipality-607,Municipality-607 Cho
00608,DummyPref,Municipality-608,Municipality-608 Cho
00609,DummyPref,Municipality-609,Municipality-609 Cho
00610,DummyPref,Municipality-610,Municipality-610 Cho
00611,DummyPref,Municipality-611,Municipality-611 Cho
00612,DummyPref,Municipality-612,Municipality-612 Cho
00613,DummyPref,Municipality-613,Municipality-613 Cho
00614,DummyPref,Municipality-614,Municipality-614 Cho
00615,DummyPref,Municipality-615,Municipality-615 Cho
00616,DummyPref,Municipality-616,Municipality-616 Cho
00617,DummyPref,Municipality-617,Municipality-617 Cho
00618,DummyPref,Municipality-618,Municipality-618 Cho
00619,DummyPref,Municipality-619,Municipality-619 Cho
00620,DummyPref,Municipality-620,Municipality-620 Cho
00621,DummyPref,Municipality-621,Municipality-621 Cho
00622,DummyPref,Municipality-622,Municipality-622 Cho
00623,DummyPref,Municipality-623,Municipality-623 Cho
00624,DummyPref,Municipality-624,Municipality-624 Cho
00625,DummyPref,Municipality-625,Municipality-625 Cho
00626,DummyPref,Municipality-626,Municipality-626 Cho
00627,DummyPref,Municipality-627,Municipality-627 Cho
00628,DummyPref,Municipality-628,Municipality-628 Cho
00629,DummyPref,Municipality-629,Municipality-629 Cho
00630,DummyPref,Municipality-630,Municipality-630 Cho
00631,DummyPref,Municipality-631,Municipality-631 Cho
00632,DummyPref,Municipality-632,Municipality-632 Cho
00633,DummyPref,Municipality-633,Municipality-633 Cho
00634,DummyPref,Municipality-634,Municipality-634 Cho
00635,DummyPref,Municipality-635,Municipality-635 Cho
00636,DummyPref,Municipality-636,Municipality-636 Cho
00637,DummyPref,Municipality-637,Municipality-637 Cho
00638,DummyPref,Municipality-638,Municipality-638 Cho
00639,DummyPref,Municipality-639,Municipality-639 Cho
00640,DummyPref,Municipality-640,Municipality-640 Cho
00641,DummyPref,Municipality-641,Municipality-641 Cho
00642,DummyPref,Municipality-642,Municipality-642 Cho
00643,DummyPref,Municipality-643,Municipality-643 Cho
00644,DummyPref,Municipality-644,Municipality-644 Cho
00645,DummyPref,Municipality-645,Municipality-645 Cho
00646,DummyPref,Municipality-646,Municipality-646 Cho
00647,DummyPref,Municipality-647,Municipality-647 Cho
00648,DummyPref,Municipality-648,Municipality-648 Cho
00649,DummyPref,Municipality-649,Municipality-649 Cho
00650,DummyPref,Municipality-650,Municipality-650 Cho
00651,DummyPref,Municipality-651,Municipality-651 Cho
00652,DummyPref,Municipality-652,Municipality-652 Cho
00653,DummyPref,Municipality-653,Municipality-653 Cho
00654,DummyPref,Municipality-654,Municipality-654 Cho
00655,DummyPref,Municipality-655,Municipality-655 Cho
00656,DummyPref,Municipality-656,Municipality-656 Cho
00657,DummyPref,Municipality-657,Municipality-657 Cho
00658,DummyPref,Municipality-658,Municipality-658 Cho
00659,DummyPref,Municipality-659,Municipality-659 Cho
00660,DummyPref,Municipality-660,Municipality-660 Cho
00661,DummyPref,Municipality-661,Municipality-661 Cho
00662,DummyPref,Municipality-662,Municipality-662 Cho
00663,DummyPref,Municipality-663,Municipality-663 Cho
00664,DummyPref,Municipality-664,Municipality-664 Cho
00665,DummyPref,Municipality-665,Municipality-665 Cho
00666,DummyPref,Municipality-666,Municipality-666 Cho
00667,DummyPref,Municipality-667,Municipality-667 Cho
00668,DummyPref,Municipality-668,Municipality-668 Cho
00669,DummyPref,Municipality-669,Municipality-669 Cho
00670,DummyPref,Municipality-670,Municipality-670 Cho
00671,DummyPref,Municipality-671,Municipality-671 Cho
00672,DummyPref,Municipality-672,Municipality-672 Cho
00673,DummyPref,Municipality-673,Municipality-673 Cho
00674,DummyPref,Municipality-674,Municipality-674 Cho
00675,DummyPref,Municipality-675,Municipality-675 Cho
00676,DummyPref,Municipality-676,Municipality-676 Cho
00677,DummyPref,Municipality-677,Municipality-677 Cho
00678,DummyPref,Municipality-678,Municipality-678 Cho
00679,DummyPref,Municipality-679,Municipality-679 Cho
00680,DummyPref,Municipality-680,Municipality-680 Cho
00681,DummyPref,Municipality-681,Municipality-681 Cho
00682,DummyPref,Municipality-682,Municipality-682 Cho
00683,DummyPref,Municipality-683,Municipality-683 Cho
00684,DummyPref,Municipality-684,Municipality-684 Cho
00685,DummyPref,Municipality-685,Municipality-685 Cho
00686,DummyPref,Municipality-686,Municipality-686 Cho
00687,DummyPref,Municipality-687,Municipality-687 Cho
00688,DummyPref,Municipality-688,Municipality-688 Cho
00689,DummyPref,Municipality-689,Municipality-689 Cho
00690,DummyPref,Municipality-690,Municipality-690 Cho
00691,DummyPref,Municipality-691,Municipality-691 Cho
00692,DummyPref,Municipality-692,Municipality-692 Cho
00693,DummyPref,Municipality-693,Municipality-693 Cho
00694,DummyPref,Municipality-694,Municipality-694 Cho
00695,DummyPref,Municipality-695,Municipality-695 Cho
00696,DummyPref,Municipality-696,Municipality-696 Cho
00697,DummyPref,Municipality-697,Municipality-697 Cho
00698,DummyPref,Municipality-698,Municipality-698 Cho
00699,DummyPref,Municipality-699,Municipality-699 Cho
00700,DummyPref,Municipality-700,Municipality-700 Cho
00701,DummyPref,Municipality-701,Municipality-701 Cho
00702,DummyPref,Municipality-702,Municipality-702 Cho
00703,DummyPref,Municipality-703,Municipality-703 Cho
00704,DummyPref,Municipality-704,Municipality-704 Cho
00705,DummyPref,Municipality-705,Municipality-705 Cho
00706,DummyPref,Municipality-706,Municipality-706 Cho
00707,DummyPref,Municipality-707,Municipality-707 Cho
00708,DummyPref,Municipality-708,Municipality-708 Cho
00709,DummyPref,Municipality-709,Municipality-709 Cho
00710,DummyPref,Municipality-710,Municipality-710 Cho
00711,DummyPref,Municipality-711,Municipality-711 Cho
00712,DummyPref,Municipality-712,Municipality-712 Cho
00713,DummyPref,Municipality-713,Municipality-713 Cho
00714,DummyPref,Municipality-714,Municipality-714 Cho
00715,DummyPref,Municipality-715,Municipality-715 Cho
00716,DummyPref,Municipality-716,Municipality-716 Cho
00717,DummyPref,Municipality-717,Municipality-717 Cho
00718,DummyPref,Municipality-718,Municipality-718 Cho
00719,DummyPref,Municipality-719,Municipality-719 Cho
00720,DummyPref,Municipality-720,Municipality-720 Cho
00721,DummyPref,Municipality-721,Municipality-721 Cho
00722,DummyPref,Municipality-722,Municipality-722 Cho
00723,DummyPref,Municipality-723,Municipality-723 Cho
00724,DummyPref,Municipality-724,Municipality-724 Cho
00725,DummyPref,Municipality-725,Municipality-725 Cho
00726,DummyPref,Municipality-726,Municipality-726 Cho
00727,DummyPref,Municipality-727,Municipality-727 Cho
00728,DummyPref,Municipality-728,Municipality-728 Cho
00729,DummyPref,Municipality-729,Municipality-729 Cho
00730,DummyPref,Municipality-730,Municipality-730 Cho
00731,DummyPref,Municipality-731,Municipality-731 Cho
00732,DummyPref,Municipality-732,Municipality-732 Cho
00733,DummyPref,Municipality-733,Municipality-733 Cho
00734,DummyPref,Municipality-734,Municipality-734 Cho
00735,DummyPref,Municipality-735,Municipality-735 Cho
00736,DummyPref,Municipality-736,Municipality-736 Cho
00737,DummyPref,Municipality-737,Municipality-737 Cho
00738,DummyPref,Municipality-738,Municipality-738 Cho
00739,DummyPref,Municipality-739,Municipality-739 Cho
00740,DummyPref,Municipality-740,Municipality-740 Cho
00741,DummyPref,Municipality-741,Municipality-741 Cho
00742,DummyPref,Municipality-742,Municipality-742 Cho
00743,DummyPref,Municipality-743,Municipality-743 Cho
00744,DummyPref,Municipality-744,Municipality-744 Cho
00745,DummyPref,Municipality-745,Municipality-745 Cho
00746,DummyPref,Municipality-746,Municipality-746 Cho
00747,DummyPref,Municipality-747,Municipality-747 Cho
00748,DummyPref,Municipality-748,Municipality-748 Cho
00749,DummyPref,Municipality-749,Municipality-749 Cho
00750,DummyPref,Municipality-750,Municipality-750 Cho
00751,DummyPref,Municipality-751,Municipality-751 Cho
00752,DummyPref,Municipality-752,Municipality-752 Cho
00753,DummyPref,Municipality-753,Municipality-753 Cho
00754,DummyPref,Municipality-754,Municipality-754 Cho
00755,DummyPref,Municipality-755,Municipality-755 Cho
00756,DummyPref,Municipality-756,Municipality-756 Cho
00757,DummyPref,Municipality-757,Municipality-757 Cho
00758,DummyPref,Municipality-758,Municipality-758 Cho
00759,DummyPref,Municipality-759,Municipality-759 Cho
00760,DummyPref,Municipality-760,Municipality-760 Cho
00761,DummyPref,Municipality-761,Municipality-761 Cho
00762,DummyPref,Municipality-762,Municipality-762 Cho
00763,DummyPref,Municipality-763,Municipality-763 Cho
00764,DummyPref,Municipality-764,Municipality-764 Cho
00765,DummyPref,Municipality-765,Municipality-765 Cho
00766,DummyPref,Municipality-766,Municipality-766 Cho
00767,DummyPref,Municipality-767,Municipality-767 Cho
00768,DummyPref,Municipality-768,Municipality-768 Cho
00769,DummyPref,Municipality-769,Municipality-769 Cho
00770,DummyPref,Municipality-770,Municipality-770 Cho
00771,DummyPref,Municipality-771,Municipality-771 Cho
00772,DummyPref,Municipality-772,Municipality-772 Cho
00773,DummyPref,Municipality-773,Municipality-773 Cho
00774,DummyPref,Municipality-774,Municipality-774 Cho
00775,DummyPref,Municipality-775,Municipality-775 Cho
00776,DummyPref,Municipality-776,Municipality-776 Cho
00777,DummyPref,Municipality-777,Municipality-777 Cho
00778,DummyPref,Municipality-778,Municipality-778 Cho
00779,DummyPref,Municipality-779,Municipality-779 Cho
00780,DummyPref,Municipality-780,Municipality-780 Cho
00781,DummyPref,Municipality-781,Municipality-781 Cho
00782,DummyPref,Municipality-782,Municipality-782 Cho
00783,DummyPref,Municipality-783,Municipality-783 Cho
00784,DummyPref,Municipality-784,Municipality-784 Cho
00785,DummyPref,Municipality-785,Municipality-785 Cho
00786,DummyPref,Municipality-786,Municipality-786 Cho
00787,DummyPref,Municipality-787,Municipality-787 Cho
00788,DummyPref,Municipality-788,Municipality-788 Cho
00789,DummyPref,Municipality-789,Municipality-789 Cho
00790,DummyPref,Municipality-790,Municipality-790 Cho
00791,DummyPref,Municipality-791,Municipality-791 Cho
00792,DummyPref,Municipality-792,Municipality-792 Cho
00793,DummyPref,Municipality-793,Municipality-793 Cho
00794,DummyPref,Municipality-794,Municipality-794 Cho
00795,DummyPref,Municipality-795,Municipality-795 Cho
00796,DummyPref,Municipality-796,Municipality-796 Cho
00797,DummyPref,Municipality-797,Municipality-797 Cho
00798,DummyPref,Municipality-798,Municipality-798 Cho
00799,DummyPref,Municipality-799,Municipality-799 Cho
00800,DummyPref,Municipality-800,Municipality-800 Cho
00801,DummyPref,Municipality-801,Municipality-801 Cho
00802,DummyPref,Municipality-802,Municipality-802 Cho
00803,DummyPref,Municipality-803,Municipality-803 Cho
00804,DummyPref,Municipality-804,Municipality-804 Cho
00805,DummyPref,Municipality-805,Municipality-805 Cho
00806,DummyPref,Municipality-806,Municipality-806 Cho
00807,DummyPref,Municipality-807,Municipality-807 Cho
00808,DummyPref,Municipality-808,Municipality-808 Cho
00809,DummyPref,Municipality-809,Municipality-809 Cho
00810,DummyPref,Municipality-810,Municipality-810 Cho
00811,DummyPref,Municipality-811,Municipality-811 Cho
00812,DummyPref,Municipality-812,Municipality-812 Cho
00813,DummyPref,Municipality-813,Municipality-813 Cho
00814,DummyPref,Municipality-814,Municipality-814 Cho
00815,DummyPref,Municipality-815,Municipality-815 Cho
00816,DummyPref,Municipality-816,Municipality-816 Cho
00817,DummyPref,Municipality-817,Municipality-817 Cho
00818,DummyPref,Municipality-818,Municipality-818 Cho
00819,DummyPref,Municipality-819,Municipality-819 Cho
00820,DummyPref,Municipality-820,Municipality-820 Cho
00821,DummyPref,Municipality-821,Municipality-821 Cho
00822,DummyPref,Municipality-822,Municipality-822 Cho
00823,DummyPref,Municipality-823,Municipality-823 Cho
00824,DummyPref,Municipality-824,Municipality-824 Cho
00825,DummyPref,Municipality-825,Municipality-825 Cho
00826,DummyPref,Municipality-826,Municipality-826 Cho
00827,DummyPref,Municipality-827,Municipality-827 Cho
00828,DummyPref,Municipality-828,Municipality-828 Cho
00829,DummyPref,Municipality-829,Municipality-829 Cho
00830,DummyPref,Municipality-830,Municipality-830 Cho
00831,DummyPref,Municipality-831,Municipality-831 Cho
00832,DummyPref,Municipality-832,Municipality-832 Cho
00833,DummyPref,Municipality-833,Municipality-833 Cho
00834,DummyPref,Municipality-834,Municipality-834 Cho
00835,DummyPref,Municipality-835,Municipality-835 Cho
00836,DummyPref,Municipality-836,Municipality-836 Cho
00837,DummyPref,Municipality-837,Municipality-837 Cho
00838,DummyPref,Municipality-838,Municipality-838 Cho
00839,DummyPref,Municipality-839,Municipality-839 Cho
00840,DummyPref,Municipality-840,Municipality-840 Cho
00841,DummyPref,Municipality-841,Municipality-841 Cho
00842,DummyPref,Municipality-842,Municipality-842 Cho
00843,DummyPref,Municipality-843,Municipality-843 Cho
00844,DummyPref,Municipality-844,Municipality-844 Cho
00845,DummyPref,Municipality-845,Municipality-845 Cho
00846,DummyPref,Municipality-846,Municipality-846 Cho
00847,DummyPref,Municipality-847,Municipality-847 Cho
00848,DummyPref,Municipality-848,Municipality-848 Cho
00849,DummyPref,Municipality-849,Municipality-849 Cho
00850,DummyPref,Municipality-850,Municipality-850 Cho
00851,DummyPref,Municipality-851,Municipality-851 Cho
00852,DummyPref,Municipality-852,Municipality-852 Cho
00853,DummyPref,Municipality-853,Municipality-853 Cho
00854,DummyPref,Municipality-854,Municipality-854 Cho
00855,DummyPref,Municipality-855,Municipality-855 Cho
00856,DummyPref,Municipality-856,Municipality-856 Cho
00857,DummyPref,Municipality-857,Municipality-857 Cho
00858,DummyPref,Municipality-858,Municipality-858 Cho
00859,DummyPref,Municipality-859,Municipality-859 Cho
00860,DummyPref,Municipality-860,Municipality-860 Cho
00861,DummyPref,Municipality-861,Municipality-861 Cho
00862,DummyPref,Municipality-862,Municipality-862 Cho
00863,DummyPref,Municipality-863,Municipality-863 Cho
00864,DummyPref,Municipality-864,Municipality-864 Cho
00865,DummyPref,Municipality-865,Municipality-865 Cho
00866,DummyPref,Municipality-866,Municipality-866 Cho
00867,DummyPref,Municipality-867,Municipality-867 Cho
00868,DummyPref,Municipality-868,Municipality-868 Cho
00869,DummyPref,Municipality-869,Municipality-869 Cho
00870,DummyPref,Municipality-870,Municipality-870 Cho
00871,DummyPref,Municipality-871,Municipality-871 Cho
00872,DummyPref,Municipality-872,Municipality-872 Cho
00873,DummyPref,Municipality-873,Municipality-873 Cho
00874,DummyPref,Municipality-874,Municipality-874 Cho
00875,DummyPref,Municipality-875,Municipality-875 Cho
00876,DummyPref,Municipality-876,Municipality-876 Cho
00877,DummyPref,Municipality-877,Municipality-877 Cho
00878,DummyPref,Municipality-878,Municipality-878 Cho
00879,DummyPref,Municipality-879,Municipality-879 Cho
00880,DummyPref,Municipality-880,Municipality-880 Cho
00881,DummyPref,Municipality-881,Municipality-881 Cho
00882,DummyPref,Municipality-882,Municipality-882 Cho
00883,DummyPref,Municipality-883,Municipality-883 Cho
00884,DummyPref,Municipality-884,Municipality-884 Cho
00885,DummyPref,Municipality-885,Municipality-885 Cho
00886,DummyPref,Municipality-886,Municipality-886 Cho
00887,DummyPref,Municipality-887,Municipality-887 Cho
00888,DummyPref,Municipality-888,Municipality-888 Cho
00889,DummyPref,Municipality-889,Municipality-889 Cho
00890,DummyPref,Municipality-890,Municipality-890 Cho
00891,DummyPref,Municipality-891,Municipality-891 Cho
00892,DummyPref,Municipality-892,Municipality-892 Cho
00893,DummyPref,Municipality-893,Municipality-893 Cho
00894,DummyPref,Municipality-894,Municipality-894 Cho
00895,DummyPref,Municipality-895,Municipality-895 Cho
00896,DummyPref,Municipality-896,Municipality-896 Cho
00897,DummyPref,Municipality-897,Municipality-897 Cho
00898,DummyPref,Municipality-898,Municipality-898 Cho
00899,DummyPref,Municipality-899,Municipality-899 Cho
00900,DummyPref,Municipality-900,Municipality-900 Cho
00901,DummyPref,Municipality-901,Municipality-901 Cho
00902,DummyPref,Municipality-902,Municipality-902 Cho
00903,DummyPref,Municipality-903,Municipality-903 Cho
00904,DummyPref,Municipality-904,Municipality-904 Cho
00905,DummyPref,Municipality-905,Municipality-905 Cho
00906,DummyPref,Municipality-906,Municipality-906 Cho
00907,DummyPref,Municipality-907,Municipality-907 Cho
00908,DummyPref,Municipality-908,Municipality-908 Cho
00909,DummyPref,Municipality-909,Municipality-909 Cho
00910,DummyPref,Municipality-910,Municipality-910 Cho
00911,DummyPref,Municipality-911,Municipality-911 Cho
00912,DummyPref,Municipality-912,Municipality-912 Cho
00913,DummyPref,Municipality-913,Municipality-913 Cho
00914,DummyPref,Municipality-914,Municipality-914 Cho
00915,DummyPref,Municipality-915,Municipality-915 Cho
00916,DummyPref,Municipality-916,Municipality-916 Cho
00917,DummyPref,Municipality-917,Municipality-917 Cho
00918,DummyPref,Municipality-918,Municipality-918 Cho
00919,DummyPref,Municipality-919,Municipality-919 Cho
00920,DummyPref,Municipality-920,Municipality-920 Cho
00921,DummyPref,Municipality-921,Municipality-921 Cho
00922,DummyPref,Municipality-922,Municipality-922 Cho
00923,DummyPref,Municipality-923,Municipality-923 Cho
00924,DummyPref,Municipality-924,Municipality-924 Cho
00925,DummyPref,Municipality-925,Municipality-925 Cho
00926,DummyPref,Municipality-926,Municipality-926 Cho
00927,DummyPref,Municipality-927,Municipality-927 Cho
00928,DummyPref,Municipality-928,Municipality-928 Cho
00929,DummyPref,Municipality-929,Municipality-929 Cho
00930,DummyPref,Municipality-930,Municipality-930 Cho
00931,DummyPref,Municipality-931,Municipality-931 Cho
00932,DummyPref,Municipality-932,Municipality-932 Cho
00933,DummyPref,Municipality-933,Municipality-933 Cho
00934,DummyPref,Municipality-934,Municipality-934 Cho
00935,DummyPref,Municipality-935,Municipality-935 Cho
00936,DummyPref,Municipality-936,Municipality-936 Cho
00937,DummyPref,Municipality-937,Municipality-937 Cho
00938,DummyPref,Municipality-938,Municipality-938 Cho
00939,DummyPref,Municipality-939,Municipality-939 Cho
00940,DummyPref,Municipality-940,Municipality-940 Cho
00941,DummyPref,Municipality-941,Municipality-941 Cho
00942,DummyPref,Municipality-942,Municipality-942 Cho
00943,DummyPref,Municipality-943,Municipality-943 Cho
00944,DummyPref,Municipality-944,Municipality-944 Cho
00945,DummyPref,Municipality-945,Municipality-945 Cho
00946,DummyPref,Municipality-946,Municipality-946 Cho
00947,DummyPref,Municipality-947,Municipality-947 Cho
00948,DummyPref,Municipality-948,Municipality-948 Cho
00949,DummyPref,Municipality-949,Municipality-949 Cho
00950,DummyPref,Municipality-950,Municipality-950 Cho
00951,DummyPref,Municipality-951,Municipality-951 Cho
00952,DummyPref,Municipality-952,Municipality-952 Cho
00953,DummyPref,Municipality-953,Municipality-953 Cho
00954,DummyPref,Municipality-954,Municipality-954 Cho
00955,DummyPref,Municipality-955,Municipality-955 Cho
00956,DummyPref,Municipality-956,Municipality-956 Cho
00957,DummyPref,Municipality-957,Municipality-957 Cho
00958,DummyPref,Municipality-958,Municipality-958 Cho
00959,DummyPref,Municipality-959,Municipality-959 Cho
00960,DummyPref,Municipality-960,Municipality-960 Cho
00961,DummyPref,Municipality-961,Municipality-961 Cho
00962,DummyPref,Municipality-962,Municipality-962 Cho
00963,DummyPref,Municipality-963,Municipality-963 Cho
00964,DummyPref,Municipality-964,Municipality-964 Cho
00965,DummyPref,Municipality-965,Municipality-965 Cho
00966,DummyPref,Municipality-966,Municipality-966 Cho
00967,DummyPref,Municipality-967,Municipality-967 Cho
00968,DummyPref,Municipality-968,Municipality-968 Cho
00969,DummyPref,Municipality-969,Municipality-969 Cho
00970,DummyPref,Municipality-970,Municipality-970 Cho
00971,DummyPref,Municipality-971,Municipality-971 Cho
00972,DummyPref,Municipality-972,Municipality-972 Cho
00973,DummyPref,Municipality-973,Municipality-973 Cho
00974,DummyPref,Municipality-974,Municipality-974 Cho
00975,DummyPref,Municipality-975,Municipality-975 Cho
00976,DummyPref,Municipality-976,Municipality-976 Cho
00977,DummyPref,Municipality-977,Municipality-977 Cho
00978,DummyPref,Municipality-978,Municipality-978 Cho
00979,DummyPref,Municipality-979,Municipality-979 Cho
00980,DummyPref,Municipality-980,Municipality-980 Cho
00981,DummyPref,Municipality-981,Municipality-981 Cho
00982,DummyPref,Municipality-982,Municipality-982 Cho
00983,DummyPref,Municipality-983,Municipality-983 Cho
00984,DummyPref,Municipality-984,Municipality-984 Cho
00985,DummyPref,Municipality-985,Municipality-985 Cho
00986,DummyPref,Municipality-986,Municipality-986 Cho
00987,DummyPref,Municipality-987,Municipality-987 Cho
00988,DummyPref,Municipality-988,Municipality-988 Cho
00989,DummyPref,Municipality-989,Municipality-989 Cho
00990,DummyPref,Municipality-990,Municipality-990 Cho
00991,DummyPref,Municipality-991,Municipality-991 Cho
00992,DummyPref,Municipality-992,Municipality-992 Cho
00993,DummyPref,Municipality-993,Municipality-993 Cho
00994,DummyPref,Municipality-994,Municipality-994 Cho
00995,DummyPref,Municipality-995,Municipality-995 Cho
00996,DummyPref,Municipality-996,Municipality-996 Cho
00997,DummyPref,Municipality-997,Municipality-997 Cho
00998,DummyPref,Municipality-998,Municipality-998 Cho
00999,DummyPref,Municipality-999,Municipality-999 Cho
01000,DummyPref,Municipality-1000,Municipality-1000 Cho
01001,DummyPref,Municipality-1001,Municipality-1001 Cho
01002,DummyPref,Municipality-1002,Municipality-1002 Cho
01003,DummyPref,Municipality-1003,Municipality-1003 Cho
01004,DummyPref,Municipality-1004,Municipality-1004 Cho
01005,DummyPref,Municipality-1005,Municipality-1005 Cho
01006,DummyPref,Municipality-1006,Municipality-1006 Cho
01007,DummyPref,Municipality-1007,Municipality-1007 Cho
01008,DummyPref,Municipality-1008,Municipality-1008 Cho
01009,DummyPref,Municipality-1009,Municipality-1009 Cho
01010,DummyPref,Municipality-1010,Municipality-1010 Cho
01011,DummyPref,Municipality-1011,Municipality-1011 Cho
01012,DummyPref,Municipality-1012,Municipality-1012 Cho
01013,DummyPref,Municipality-1013,Municipality-1013 Cho
01014,DummyPref,Municipality-1014,Municipality-1014 Cho
01015,DummyPref,Municipality-1015,Municipality-1015 Cho
01016,DummyPref,Municipality-1016,Municipality-1016 Cho
01017,DummyPref,Municipality-1017,Municipality-1017 Cho
01018,DummyPref,Municipality-1018,Municipality-1018 Cho
01019,DummyPref,Municipality-1019,Municipality-1019 Cho
01020,DummyPref,Municipality-1020,Municipality-1020 Cho
01021,DummyPref,Municipality-1021,Municipality-1021 Cho
01022,DummyPref,Municipality-1022,Municipality-1022 Cho
01023,DummyPref,Municipality-1023,Municipality-1023 Cho
01024,DummyPref,Municipality-1024,Municipality-1024 Cho
01025,DummyPref,Municipality-1025,Municipality-1025 Cho
01026,DummyPref,Municipality-1026,Municipality-1026 Cho
01027,DummyPref,Municipality-1027,Municipality-1027 Cho
01028,DummyPref,Municipality-1028,Municipality-1028 Cho
01029,DummyPref,Municipality-1029,Municipality-1029 Cho
01030,DummyPref,Municipality-1030,Municipality-1030 Cho
01031,DummyPref,Municipality-1031,Municipality-1031 Cho
01032,DummyPref,Municipality-1032,Municipality-1032 Cho
01033,DummyPref,Municipality-1033,Municipality-1033 Cho
01034,DummyPref,Municipality-1034,Municipality-1034 Cho
01035,DummyPref,Municipality-1035,Municipality-1035 Cho
01036,DummyPref,Municipality-1036,Municipality-1036 Cho
01037,DummyPref,Municipality-1037,Municipality-1037 Cho
01038,DummyPref,Municipality-1038,Municipality-1038 Cho
01039,DummyPref,Municipality-1039,Municipality-1039 Cho
01040,DummyPref,Municipality-1040,Municipality-1040 Cho
01041,DummyPref,Municipality-1041,Municipality-1041 Cho
01042,DummyPref,Municipality-1042,Municipality-1042 Cho
01043,DummyPref,Municipality-1043,Municipality-1043 Cho
01044,DummyPref,Municipality-1044,Municipality-1044 Cho
01045,DummyPref,Municipality-1045,Municipality-1045 Cho
01046,DummyPref,Municipality-1046,Municipality-1046 Cho
01047,DummyPref,Municipality-1047,Municipality-1047 Cho
01048,DummyPref,Municipality-1048,Municipality-1048 Cho
01049,DummyPref,Municipality-1049,Municipality-1049 Cho
01050,DummyPref,Municipality-1050,Municipality-1050 Cho
01051,DummyPref,Municipality-1051,Municipality-1051 Cho
01052,DummyPref,Municipality-1052,Municipality-1052 Cho
01053,DummyPref,Municipality-1053,Municipality-1053 Cho
01054,DummyPref,Municipality-1054,Municipality-1054 Cho
01055,DummyPref,Municipality-1055,Municipality-1055 Cho
01056,DummyPref,Municipality-1056,Municipality-1056 Cho
01057,DummyPref,Municipality-1057,Municipality-1057 Cho
01058,DummyPref,Municipality-1058,Municipality-1058 Cho
01059,DummyPref,Municipality-1059,Municipality-1059 Cho
01060,DummyPref,Municipality-1060,Municipality-1060 Cho
01061,DummyPref,Municipality-1061,Municipality-1061 Cho
01062,DummyPref,Municipality-1062,Municipality-1062 Cho
01063,DummyPref,Municipality-1063,Municipality-1063 Cho
01064,DummyPref,Municipality-1064,Municipality-1064 Cho
01065,DummyPref,Municipality-1065,Municipality-1065 Cho
01066,DummyPref,Municipality-1066,Municipality-1066 Cho
01067,DummyPref,Municipality-1067,Municipality-1067 Cho
01068,DummyPref,Municipality-1068,Municipality-1068 Cho
01069,DummyPref,Municipality-1069,Municipality-1069 Cho
01070,DummyPref,Municipality-1070,Municipality-1070 Cho
01071,DummyPref,Municipality-1071,Municipality-1071 Cho
01072,DummyPref,Municipality-1072,Municipality-1072 Cho
01073,DummyPref,Municipality-1073,Municipality-1073 Cho
01074,DummyPref,Municipality-1074,Municipality-1074 Cho
01075,DummyPref,Municipality-1075,Municipality-1075 Cho
01076,DummyPref,Municipality-1076,Municipality-1076 Cho
01077,DummyPref,Municipality-1077,Municipality-1077 Cho
01078,DummyPref,Municipality-1078,Municipality-1078 Cho
01079,DummyPref,Municipality-1079,Municipality-1079 Cho
01080,DummyPref,Municipality-1080,Municipality-1080 Cho
01081,DummyPref,Municipality-1081,Municipality-1081 Cho
01082,DummyPref,Municipality-1082,Municipality-1082 Cho
01083,DummyPref,Municipality-1083,Municipality-1083 Cho
01084,DummyPref,Municipality-1084,Municipality-1084 Cho
01085,DummyPref,Municipality-1085,Municipality-1085 Cho
01086,DummyPref,Municipality-1086,Municipality-1086 Cho
01087,DummyPref,Municipality-1087,Municipality-1087 Cho
01088,DummyPref,Municipality-1088,Municipality-1088 Cho
01089,DummyPref,Municipality-1089,Municipality-1089 Cho
01090,DummyPref,Municipality-1090,Municipality-1090 Cho
01091,DummyPref,Municipality-1091,Municipality-1091 Cho
01092,DummyPref,Municipality-1092,Municipality-1092 Cho
01093,DummyPref,Municipality-1093,Municipality-1093 Cho
01094,DummyPref,Municipality-1094,Municipality-1094 Cho
01095,DummyPref,Municipality-1095,Municipality-1095 Cho
01096,DummyPref,Municipality-1096,Municipality-1096 Cho
01097,DummyPref,Municipality-1097,Municipality-1097 Cho
01098,DummyPref,Municipality-1098,Municipality-1098 Cho
01099,DummyPref,Municipality-1099,Municipality-1099 Cho
01100,DummyPref,Municipality-1100,Municipality-1100 Cho
01101,DummyPref,Municipality-1101,Municipality-1101 Cho
01102,DummyPref,Municipality-1102,Municipality-1102 Cho
01103,DummyPref,Municipality-1103,Municipality-1103 Cho
01104,DummyPref,Municipality-1104,Municipality-1104 Cho
01105,DummyPref,Municipality-1105,Municipality-1105 Cho
01106,DummyPref,Municipality-1106,Municipality-1106 Cho
01107,DummyPref,Municipality-1107,Municipality-1107 Cho
01108,DummyPref,Municipality-1108,Municipality-1108 Cho
01109,DummyPref,Municipality-1109,Municipality-1109 Cho
01110,DummyPref,Municipality-1110,Municipality-1110 Cho
01111,DummyPref,Municipality-1111,Municipality-1111 Cho
01112,DummyPref,Municipality-1112,Municipality-1112 Cho
01113,DummyPref,Municipality-1113,Municipality-1113 Cho
01114,DummyPref,Municipality-1114,Municipality-1114 Cho
01115,DummyPref,Municipality-1115,Municipality-1115 Cho
01116,DummyPref,Municipality-1116,Municipality-1116 Cho
01117,DummyPref,Municipality-1117,Municipality-1117 Cho
01118,DummyPref,Municipality-1118,Municipality-1118 Cho
01119,DummyPref,Municipality-1119,Municipality-1119 Cho
01120,DummyPref,Municipality-1120,Municipality-1120 Cho
01121,DummyPref,Municipality-1121,Municipality-1121 Cho
01122,DummyPref,Municipality-1122,Municipality-1122 Cho
01123,DummyPref,Municipality-1123,Municipality-1123 Cho
01124,DummyPref,Municipality-1124,Municipality-1124 Cho
01125,DummyPref,Municipality-1125,Municipality-1125 Cho
01126,DummyPref,Municipality-1126,Municipality-1126 Cho
01127,DummyPref,Municipality-1127,Municipality-1127 Cho
01128,DummyPref,Municipality-1128,Municipality-1128 Cho
01129,DummyPref,Municipality-1129,Municipality-1129 Cho
01130,DummyPref,Municipality-1130,Municipality-1130 Cho
01131,DummyPref,Municipality-1131,Municipality-1131 Cho
01132,DummyPref,Municipality-1132,Municipality-1132 Cho
01133,DummyPref,Municipality-1133,Municipality-1133 Cho
01134,DummyPref,Municipality-1134,Municipality-1134 Cho
01135,DummyPref,Municipality-1135,Municipality-1135 Cho
01136,DummyPref,Municipality-1136,Municipality-1136 Cho
01137,DummyPref,Municipality-1137,Municipality-1137 Cho
01138,DummyPref,Municipality-1138,Municipality-1138 Cho
01139,DummyPref,Municipality-1139,Municipality-1139 Cho
01140,DummyPref,Municipality-1140,Municipality-1140 Cho
01141,DummyPref,Municipality-1141,Municipality-1141 Cho
01142,DummyPref,Municipality-1142,Municipality-1142 Cho
01143,DummyPref,Municipality-1143,Municipality-1143 Cho
01144,DummyPref,Municipality-1144,Municipality-1144 Cho
01145,DummyPref,Municipality-1145,Municipality-1145 Cho
01146,DummyPref,Municipality-1146,Municipality-1146 Cho
01147,DummyPref,Municipality-1147,Municipality-1147 Cho
01148,DummyPref,Municipality-1148,Municipality-1148 Cho
01149,DummyPref,Municipality-1149,Municipality-1149 Cho
01150,DummyPref,Municipality-1150,Municipality-1150 Cho
01151,DummyPref,Municipality-1151,Municipality-1151 Cho
01152,DummyPref,Municipality-1152,Municipality-1152 Cho
01153,DummyPref,Municipality-1153,Municipality-1153 Cho
01154,DummyPref,Municipality-1154,Municipality-1154 Cho
01155,DummyPref,Municipality-1155,Municipality-1155 Cho
01156,DummyPref,Municipality-1156,Municipality-1156 Cho
01157,DummyPref,Municipality-1157,Municipality-1157 Cho
01158,DummyPref,Municipality-1158,Municipality-1158 Cho
01159,DummyPref,Municipality-1159,Municipality-1159 Cho
01160,DummyPref,Municipality-1160,Municipality-1160 Cho
01161,DummyPref,Municipality-1161,Municipality-1161 Cho
01162,DummyPref,Municipality-1162,Municipality-1162 Cho
01163,DummyPref,Municipality-1163,Municipality-1163 Cho
01164,DummyPref,Municipality-1164,Municipality-1164 Cho
01165,DummyPref,Municipality-1165,Municipality-1165 Cho
01166,DummyPref,Municipality-1166,Municipality-1166 Cho
01167,DummyPref,Municipality-1167,Municipality-1167 Cho
01168,DummyPref,Municipality-1168,Municipality-1168 Cho
01169,DummyPref,Municipality-1169,Municipality-1169 Cho
01170,DummyPref,Municipality-1170,Municipality-1170 Cho
01171,DummyPref,Municipality-1171,Municipality-1171 Cho
01172,DummyPref,Municipality-1172,Municipality-1172 Cho
01173,DummyPref,Municipality-1173,Municipality-1173 Cho
01174,DummyPref,Municipality-1174,Municipality-1174 Cho
01175,DummyPref,Municipality-1175,Municipality-1175 Cho
01176,DummyPref,Municipality-1176,Municipality-1176 Cho
01177,DummyPref,Municipality-1177,Municipality-1177 Cho
01178,DummyPref,Municipality-1178,Municipality-1178 Cho
01179,DummyPref,Municipality-1179,Municipality-1179 Cho
01180,DummyPref,Municipality-1180,Municipality-1180 Cho
01181,DummyPref,Municipality-1181,Municipality-1181 Cho
01182,DummyPref,Municipality-1182,Municipality-1182 Cho
01183,DummyPref,Municipality-1183,Municipality-1183 Cho
01184,DummyPref,Municipality-1184,Municipality-1184 Cho
01185,DummyPref,Municipality-1185,Municipality-1185 Cho
01186,DummyPref,Municipality-1186,Municipality-1186 Cho
01187,DummyPref,Municipality-1187,Municipality-1187 Cho
01188,DummyPref,Municipality-1188,Municipality-1188 Cho
01189,DummyPref,Municipality-1189,Municipality-1189 Cho
01190,DummyPref,Municipality-1190,Municipality-1190 Cho
01191,DummyPref,Municipality-1191,Municipality-1191 Cho
01192,DummyPref,Municipality-1192,Municipality-1192 Cho
01193,DummyPref,Municipality-1193,Municipality-1193 Cho
01194,DummyPref,Municipality-1194,Municipality-1194 Cho
01195,DummyPref,Municipality-1195,Municipality-1195 Cho
01196,DummyPref,Municipality-1196,Municipality-1196 Cho
01197,DummyPref,Municipality-1197,Municipality-1197 Cho
01198,DummyPref,Municipality-1198,Municipality-1198 Cho
01199,DummyPref,Municipality-1199,Municipality-1199 Cho
01200,DummyPref,Municipality-1200,Municipality-1200 Cho
01201,DummyPref,Municipality-1201,Municipality-1201 Cho
01202,DummyPref,Municipality-1202,Municipality-1202 Cho
01203,DummyPref,Municipality-1203,Municipality-1203 Cho
01204,DummyPref,Municipality-1204,Municipality-1204 Cho
01205,DummyPref,Municipality-1205,Municipality-1205 Cho
01206,DummyPref,Municipality-1206,Municipality-1206 Cho
01207,DummyPref,Municipality-1207,Municipality-1207 Cho
01208,DummyPref,Municipality-1208,Municipality-1208 Cho
01209,DummyPref,Municipality-1209,Municipality-1209 Cho
01210,DummyPref,Municipality-1210,Municipality-1210 Cho
01211,DummyPref,Municipality-1211,Municipality-1211 Cho
01212,DummyPref,Municipality-1212,Municipality-1212 Cho
01213,DummyPref,Municipality-1213,Municipality-1213 Cho
01214,DummyPref,Municipality-1214,Municipality-1214 Cho
01215,DummyPref,Municipality-1215,Municipality-1215 Cho
01216,DummyPref,Municipality-1216,Municipality-1216 Cho
01217,DummyPref,Municipality-1217,Municipality-1217 Cho
01218,DummyPref,Municipality-1218,Municipality-1218 Cho
01219,DummyPref,Municipality-1219,Municipality-1219 Cho
01220,DummyPref,Municipality-1220,Municipality-1220 Cho
01221,DummyPref,Municipality-1221,Municipality-1221 Cho
01222,DummyPref,Municipality-1222,Municipality-1222 Cho
01223,DummyPref,Municipality-1223,Municipality-1223 Cho
01224,DummyPref,Municipality-1224,Municipality-1224 Cho
01225,DummyPref,Municipality-1225,Municipality-1225 Cho
01226,DummyPref,Municipality-1226,Municipality-1226 Cho
01227,DummyPref,Municipality-1227,Municipality-1227 Cho
01228,DummyPref,Municipality-1228,Municipality-1228 Cho
01229,DummyPref,Municipality-1229,Municipality-1229 Cho
01230,DummyPref,Municipality-1230,Municipality-1230 Cho
01231,DummyPref,Municipality-1231,Municipality-1231 Cho
01232,DummyPref,Municipality-1232,Municipality-1232 Cho
01233,DummyPref,Municipality-1233,Municipality-1233 Cho
01234,DummyPref,Municipality-1234,Municipality-1234 Cho
01235,DummyPref,Municipality-1235,Municipality-1235 Cho
01236,DummyPref,Municipality-1236,Municipality-1236 Cho
01237,DummyPref,Municipality-1237,Municipality-1237 Cho
01238,DummyPref,Municipality-1238,Municipality-1238 Cho
01239,DummyPref,Municipality-1239,Municipality-1239 Cho
01240,DummyPref,Municipality-1240,Municipality-1240 Cho
01241,DummyPref,Municipality-1241,Municipality-1241 Cho
01242,DummyPref,Municipality-1242,Municipality-1242 Cho
01243,DummyPref,Municipality-1243,Municipality-1243 Cho
01244,DummyPref,Municipality-1244,Municipality-1244 Cho
01245,DummyPref,Municipality-1245,Municipality-1245 Cho
01246,DummyPref,Municipality-1246,Municipality-1246 Cho
01247,DummyPref,Municipality-1247,Municipality-1247 Cho
01248,DummyPref,Municipality-1248,Municipality-1248 Cho
01249,DummyPref,Municipality-1249,Municipality-1249 Cho
01250,DummyPref,Municipality-1250,Municipality-1250 Cho
01251,DummyPref,Municipality-1251,Municipality-1251 Cho
01252,DummyPref,Municipality-1252,Municipality-1252 Cho
01253,DummyPref,Municipality-1253,Municipality-1253 Cho
01254,DummyPref,Municipality-1254,Municipality-1254 Cho
01255,DummyPref,Municipality-1255,Municipality-1255 Cho
01256,DummyPref,Municipality-1256,Municipality-1256 Cho
01257,DummyPref,Municipality-1257,Municipality-1257 Cho
01258,DummyPref,Municipality-1258,Municipality-1258 Cho
01259,DummyPref,Municipality-1259,Municipality-1259 Cho
01260,DummyPref,Municipality-1260,Municipality-1260 Cho
01261,DummyPref,Municipality-1261,Municipality-1261 Cho
01262,DummyPref,Municipality-1262,Municipality-1262 Cho
01263,DummyPref,Municipality-1263,Municipality-1263 Cho
01264,DummyPref,Municipality-1264,Municipality-1264 Cho
01265,DummyPref,Municipality-1265,Municipality-1265 Cho
01266,DummyPref,Municipality-1266,Municipality-1266 Cho
01267,DummyPref,Municipality-1267,Municipality-1267 Cho
01268,DummyPref,Municipality-1268,Municipality-1268 Cho
01269,DummyPref,Municipality-1269,Municipality-1269 Cho
01270,DummyPref,Municipality-1270,Municipality-1270 Cho
01271,DummyPref,Municipality-1271,Municipality-1271 Cho
01272,DummyPref,Municipality-1272,Municipality-1272 Cho
01273,DummyPref,Municipality-1273,Municipality-1273 Cho
01274,DummyPref,Municipality-1274,Municipality-1274 Cho
01275,DummyPref,Municipality-1275,Municipality-1275 Cho
01276,DummyPref,Municipality-1276,Municipality-1276 Cho
01277,DummyPref,Municipality-1277,Municipality-1277 Cho
01278,DummyPref,Municipality-1278,Municipality-1278 Cho
01279,DummyPref,Municipality-1279,Municipality-1279 Cho
01280,DummyPref,Municipality-1280,Municipality-1280 Cho
01281,DummyPref,Municipality-1281,Municipality-1281 Cho
01282,DummyPref,Municipality-1282,Municipality-1282 Cho
01283,DummyPref,Municipality-1283,Municipality-1283 Cho
01284,DummyPref,Municipality-1284,Municipality-1284 Cho
01285,DummyPref,Municipality-1285,Municipality-1285 Cho
01286,DummyPref,Municipality-1286,Municipality-1286 Cho
01287,DummyPref,Municipality-1287,Municipality-1287 Cho
01288,DummyPref,Municipality-1288,Municipality-1288 Cho
01289,DummyPref,Municipality-1289,Municipality-1289 Cho
01290,DummyPref,Municipality-1290,Municipality-1290 Cho
01291,DummyPref,Municipality-1291,Municipality-1291 Cho
01292,DummyPref,Municipality-1292,Municipality-1292 Cho
01293,DummyPref,Municipality-1293,Municipality-1293 Cho
01294,DummyPref,Municipality-1294,Municipality-1294 Cho
01295,DummyPref,Municipality-1295,Municipality-1295 Cho
01296,DummyPref,Municipality-1296,Municipality-1296 Cho
01297,DummyPref,Municipality-1297,Municipality-1297 Cho
01298,DummyPref,Municipality-1298,Municipality-1298 Cho
01299,DummyPref,Municipality-1299,Municipality-1299 Cho
01300,DummyPref,Municipality-1300,Municipality-1300 Cho
01301,DummyPref,Municipality-1301,Municipality-1301 Cho
01302,DummyPref,Municipality-1302,Municipality-1302 Cho
01303,DummyPref,Municipality-1303,Municipality-1303 Cho
01304,DummyPref,Municipality-1304,Municipality-1304 Cho
01305,DummyPref,Municipality-1305,Municipality-1305 Cho
01306,DummyPref,Municipality-1306,Municipality-1306 Cho
01307,DummyPref,Municipality-1307,Municipality-1307 Cho
01308,DummyPref,Municipality-1308,Municipality-1308 Cho
01309,DummyPref,Municipality-1309,Municipality-1309 Cho
01310,DummyPref,Municipality-1310,Municipality-1310 Cho
01311,DummyPref,Municipality-1311,Municipality-1311 Cho
01312,DummyPref,Municipality-1312,Municipality-1312 Cho
01313,DummyPref,Municipality-1313,Municipality-1313 Cho
01314,DummyPref,Municipality-1314,Municipality-1314 Cho
01315,DummyPref,Municipality-1315,Municipality-1315 Cho
01316,DummyPref,Municipality-1316,Municipality-1316 Cho
01317,DummyPref,Municipality-1317,Municipality-1317 Cho
01318,DummyPref,Municipality-1318,Municipality-1318 Cho
01319,DummyPref,Municipality-1319,Municipality-1319 Cho
01320,DummyPref,Municipality-1320,Municipality-1320 Cho
01321,DummyPref,Municipality-1321,Municipality-1321 Cho
01322,DummyPref,Municipality-1322,Municipality-1322 Cho
01323,DummyPref,Municipality-1323,Municipality-1323 Cho
01324,DummyPref,Municipality-1324,Municipality-1324 Cho
01325,DummyPref,Municipality-1325,Municipality-1325 Cho
01326,DummyPref,Municipality-1326,Municipality-1326 Cho
01327,DummyPref,Municipality-1327,Municipality-1327 Cho
01328,DummyPref,Municipality-1328,Municipality-1328 Cho
01329,DummyPref,Municipality-1329,Municipality-1329 Cho
01330,DummyPref,Municipality-1330,Municipality-1330 Cho
01331,DummyPref,Municipality-1331,Municipality-1331 Cho
01332,DummyPref,Municipality-1332,Municipality-1332 Cho
01333,DummyPref,Municipality-1333,Municipality-1333 Cho
01334,DummyPref,Municipality-1334,Municipality-1334 Cho
01335,DummyPref,Municipality-1335,Municipality-1335 Cho
01336,DummyPref,Municipality-1336,Municipality-1336 Cho
01337,DummyPref,Municipality-1337,Municipality-1337 Cho
01338,DummyPref,Municipality-1338,Municipality-1338 Cho
01339,DummyPref,Municipality-1339,Municipality-1339 Cho
01340,DummyPref,Municipality-1340,Municipality-1340 Cho
01341,DummyPref,Municipality-1341,Municipality-1341 Cho
01342,DummyPref,Municipality-1342,Municipality-1342 Cho
01343,DummyPref,Municipality-1343,Municipality-1343 Cho
01344,DummyPref,Municipality-1344,Municipality-1344 Cho
01345,DummyPref,Municipality-1345,Municipality-1345 Cho
01346,DummyPref,Municipality-1346,Municipality-1346 Cho
01347,DummyPref,Municipality-1347,Municipality-1347 Cho
01348,DummyPref,Municipality-1348,Municipality-1348 Cho
01349,DummyPref,Municipality-1349,Municipality-1349 Cho
01350,DummyPref,Municipality-1350,Municipality-1350 Cho
01351,DummyPref,Municipality-1351,Municipality-1351 Cho
01352,DummyPref,Municipality-1352,Municipality-1352 Cho
01353,DummyPref,Municipality-1353,Municipality-1353 Cho
01354,DummyPref,Municipality-1354,Municipality-1354 Cho
01355,DummyPref,Municipality-1355,Municipality-1355 Cho
01356,DummyPref,Municipality-1356,Municipality-1356 Cho
01357,DummyPref,Municipality-1357,Municipality-1357 Cho
01358,DummyPref,Municipality-1358,Municipality-1358 Cho
01359,DummyPref,Municipality-1359,Municipality-1359 Cho
01360,DummyPref,Municipality-1360,Municipality-1360 Cho
01361,DummyPref,Municipality-1361,Municipality-1361 Cho
01362,DummyPref,Municipality-1362,Municipality-1362 Cho
01363,DummyPref,Municipality-1363,Municipality-1363 Cho
01364,DummyPref,Municipality-1364,Municipality-1364 Cho
01365,DummyPref,Municipality-1365,Municipality-1365 Cho
01366,DummyPref,Municipality-1366,Municipality-1366 Cho
01367,DummyPref,Municipality-1367,Municipality-1367 Cho
01368,DummyPref,Municipality-1368,Municipality-1368 Cho
01369,DummyPref,Municipality-1369,Municipality-1369 Cho
01370,DummyPref,Municipality-1370,Municipality-1370 Cho
01371,DummyPref,Municipality-1371,Municipality-1371 Cho
01372,DummyPref,Municipality-1372,Municipality-1372 Cho
01373,DummyPref,Municipality-1373,Municipality-1373 Cho
01374,DummyPref,Municipality-1374,Municipality-1374 Cho
01375,DummyPref,Municipality-1375,Municipality-1375 Cho
01376,DummyPref,Municipality-1376,Municipality-1376 Cho
01377,DummyPref,Municipality-1377,Municipality-1377 Cho
01378,DummyPref,Municipality-1378,Municipality-1378 Cho
01379,DummyPref,Municipality-1379,Municipality-1379 Cho
01380,DummyPref,Municipality-1380,Municipality-1380 Cho
01381,DummyPref,Municipality-1381,Municipality-1381 Cho
01382,DummyPref,Municipality-1382,Municipality-1382 Cho
01383,DummyPref,Municipality-1383,Municipality-1383 Cho
01384,DummyPref,Municipality-1384,Municipality-1384 Cho
01385,DummyPref,Municipality-1385,Municipality-1385 Cho
01386,DummyPref,Municipality-1386,Municipality-1386 Cho
01387,DummyPref,Municipality-1387,Municipality-1387 Cho
01388,DummyPref,Municipality-1388,Municipality-1388 Cho
01389,DummyPref,Municipality-1389,Municipality-1389 Cho
01390,DummyPref,Municipality-1390,Municipality-1390 Cho
01391,DummyPref,Municipality-1391,Municipality-1391 Cho
01392,DummyPref,Municipality-1392,Municipality-1392 Cho
01393,DummyPref,Municipality-1393,Municipality-1393 Cho
01394,DummyPref,Municipality-1394,Municipality-1394 Cho
01395,DummyPref,Municipality-1395,Municipality-1395 Cho
01396,DummyPref,Municipality-1396,Municipality-1396 Cho
01397,DummyPref,Municipality-1397,Municipality-1397 Cho
01398,DummyPref,Municipality-1398,Municipality-1398 Cho
01399,DummyPref,Municipality-1399,Municipality-1399 Cho
01400,DummyPref,Municipality-1400,Municipality-1400 Cho
01401,DummyPref,Municipality-1401,Municipality-1401 Cho
01402,DummyPref,Municipality-1402,Municipality-1402 Cho
01403,DummyPref,Municipality-1403,Municipality-1403 Cho
01404,DummyPref,Municipality-1404,Municipality-1404 Cho
01405,DummyPref,Municipality-1405,Municipality-1405 Cho
01406,DummyPref,Municipality-1406,Municipality-1406 Cho
01407,DummyPref,Municipality-1407,Municipality-1407 Cho
01408,DummyPref,Municipality-1408,Municipality-1408 Cho
01409,DummyPref,Municipality-1409,Municipality-1409 Cho
01410,DummyPref,Municipality-1410,Municipality-1410 Cho
01411,DummyPref,Municipality-1411,Municipality-1411 Cho
01412,DummyPref,Municipality-1412,Municipality-1412 Cho
01413,DummyPref,Municipality-1413,Municipality-1413 Cho
01414,DummyPref,Municipality-1414,Municipality-1414 Cho
01415,DummyPref,Municipality-1415,Municipality-1415 Cho
01416,DummyPref,Municipality-1416,Municipality-1416 Cho
01417,DummyPref,Municipality-1417,Municipality-1417 Cho
01418,DummyPref,Municipality-1418,Municipality-1418 Cho
01419,DummyPref,Municipality-1419,Municipality-1419 Cho
01420,DummyPref,Municipality-1420,Municipality-1420 Cho
01421,DummyPref,Municipality-1421,Municipality-1421 Cho
01422,DummyPref,Municipality-1422,Municipality-1422 Cho
01423,DummyPref,Municipality-1423,Municipality-1423 Cho
01424,DummyPref,Municipality-1424,Municipality-1424 Cho
01425,DummyPref,Municipality-1425,Municipality-1425 Cho
01426,DummyPref,Municipality-1426,Municipality-1426 Cho
01427,DummyPref,Municipality-1427,Municipality-1427 Cho
01428,DummyPref,Municipality-1428,Municipality-1428 Cho
01429,DummyPref,Municipality-1429,Municipality-1429 Cho
01430,DummyPref,Municipality-1430,Municipality-1430 Cho
01431,DummyPref,Municipality-1431,Municipality-1431 Cho
01432,DummyPref,Municipality-1432,Municipality-1432 Cho
01433,DummyPref,Municipality-1433,Municipality-1433 Cho
01434,DummyPref,Municipality-1434,Municipality-1434 Cho
01435,DummyPref,Municipality-1435,Municipality-1435 Cho
01436,DummyPref,Municipality-1436,Municipality-1436 Cho
01437,DummyPref,Municipality-1437,Municipality-1437 Cho
01438,DummyPref,Municipality-1438,Municipality-1438 Cho
01439,DummyPref,Municipality-1439,Municipality-1439 Cho
01440,DummyPref,Municipality-1440,Municipality-1440 Cho
01441,DummyPref,Municipality-1441,Municipality-1441 Cho
01442,DummyPref,Municipality-1442,Municipality-1442 Cho
01443,DummyPref,Municipality-1443,Municipality-1443 Cho
01444,DummyPref,Municipality-1444,Municipality-1444 Cho
01445,DummyPref,Municipality-1445,Municipality-1445 Cho
01446,DummyPref,Municipality-1446,Municipality-1446 Cho
01447,DummyPref,Municipality-1447,Municipality-1447 Cho
01448,DummyPref,Municipality-1448,Municipality-1448 Cho
01449,DummyPref,Municipality-1449,Municipality-1449 Cho
01450,DummyPref,Municipality-1450,Municipality-1450 Cho
01451,DummyPref,Municipality-1451,Municipality-1451 Cho
01452,DummyPref,Municipality-1452,Municipality-1452 Cho
01453,DummyPref,Municipality-1453,Municipality-1453 Cho
01454,DummyPref,Municipality-1454,Municipality-1454 Cho
01455,DummyPref,Municipality-1455,Municipality-1455 Cho
01456,DummyPref,Municipality-1456,Municipality-1456 Cho
01457,DummyPref,Municipality-1457,Municipality-1457 Cho
01458,DummyPref,Municipality-1458,Municipality-1458 Cho
01459,DummyPref,Municipality-1459,Municipality-1459 Cho
01460,DummyPref,Municipality-1460,Municipality-1460 Cho
01461,DummyPref,Municipality-1461,Municipality-1461 Cho
01462,DummyPref,Municipality-1462,Municipality-1462 Cho
01463,DummyPref,Municipality-1463,Municipality-1463 Cho
01464,DummyPref,Municipality-1464,Municipality-1464 Cho
01465,DummyPref,Municipality-1465,Municipality-1465 Cho
01466,DummyPref,Municipality-1466,Municipality-1466 Cho
01467,DummyPref,Municipality-1467,Municipality-1467 Cho
01468,DummyPref,Municipality-1468,Municipality-1468 Cho
01469,DummyPref,Municipality-1469,Municipality-1469 Cho
01470,DummyPref,Municipality-1470,Municipality-1470 Cho
01471,DummyPref,Municipality-1471,Municipality-1471 Cho
01472,DummyPref,Municipality-1472,Municipality-1472 Cho
01473,DummyPref,Municipality-1473,Municipality-1473 Cho
01474,DummyPref,Municipality-1474,Municipality-1474 Cho
01475,DummyPref,Municipality-1475,Municipality-1475 Cho
01476,DummyPref,Municipality-1476,Municipality-1476 Cho
01477,DummyPref,Municipality-1477,Municipality-1477 Cho
01478,DummyPref,Municipality-1478,Municipality-1478 Cho
01479,DummyPref,Municipality-1479,Municipality-1479 Cho
01480,DummyPref,Municipality-1480,Municipality-1480 Cho
01481,DummyPref,Municipality-1481,Municipality-1481 Cho
01482,DummyPref,Municipality-1482,Municipality-1482 Cho
01483,DummyPref,Municipality-1483,Municipality-1483 Cho
01484,DummyPref,Municipality-1484,Municipality-1484 Cho
01485,DummyPref,Municipality-1485,Municipality-1485 Cho
01486,DummyPref,Municipality-1486,Municipality-1486 Cho
01487,DummyPref,Municipality-1487,Municipality-1487 Cho
01488,DummyPref,Municipality-1488,Municipality-1488 Cho
01489,DummyPref,Municipality-1489,Municipality-1489 Cho
01490,DummyPref,Municipality-1490,Municipality-1490 Cho
01491,DummyPref,Municipality-1491,Municipality-1491 Cho
01492,DummyPref,Municipality-1492,Municipality-1492 Cho
01493,DummyPref,Municipality-1493,Municipality-1493 Cho
01494,DummyPref,Municipality-1494,Municipality-1494 Cho
01495,DummyPref,Municipality-1495,Municipality-1495 Cho
01496,DummyPref,Municipality-1496,Municipality-1496 Cho
01497,DummyPref,Municipality-1497,Municipality-1497 Cho
01498,DummyPref,Municipality-1498,Municipality-1498 Cho
01499,DummyPref,Municipality-1499,Municipality-1499 Cho
01500,DummyPref,Municipality-1500,Municipality-1500 Cho
01501,DummyPref,Municipality-1501,Municipality-1501 Cho
01502,DummyPref,Municipality-1502,Municipality-1502 Cho
01503,DummyPref,Municipality-1503,Municipality-1503 Cho
01504,DummyPref,Municipality-1504,Municipality-1504 Cho
01505,DummyPref,Municipality-1505,Municipality-1505 Cho
01506,DummyPref,Municipality-1506,Municipality-1506 Cho
01507,DummyPref,Municipality-1507,Municipality-1507 Cho
01508,DummyPref,Municipality-1508,Municipality-1508 Cho
01509,DummyPref,Municipality-1509,Municipality-1509 Cho
01510,DummyPref,Municipality-1510,Municipality-1510 Cho
01511,DummyPref,Municipality-1511,Municipality-1511 Cho
01512,DummyPref,Municipality-1512,Municipality-1512 Cho
01513,DummyPref,Municipality-1513,Municipality-1513 Cho
01514,DummyPref,Municipality-1514,Municipality-1514 Cho
01515,DummyPref,Municipality-1515,Municipality-1515 Cho
01516,DummyPref,Municipality-1516,Municipality-1516 Cho
01517,DummyPref,Municipality-1517,Municipality-1517 Cho
01518,DummyPref,Municipality-1518,Municipality-1518 Cho
01519,DummyPref,Municipality-1519,Municipality-1519 Cho
01520,DummyPref,Municipality-1520,Municipality-1520 Cho
01521,DummyPref,Municipality-1521,Municipality-1521 Cho
01522,DummyPref,Municipality-1522,Municipality-1522 Cho
01523,DummyPref,Municipality-1523,Municipality-1523 Cho
01524,DummyPref,Municipality-1524,Municipality-1524 Cho
01525,DummyPref,Municipality-1525,Municipality-1525 Cho
01526,DummyPref,Municipality-1526,Municipality-1526 Cho
01527,DummyPref,Municipality-1527,Municipality-1527 Cho
01528,DummyPref,Municipality-1528,Municipality-1528 Cho
01529,DummyPref,Municipality-1529,Municipality-1529 Cho
01530,DummyPref,Municipality-1530,Municipality-1530 Cho
01531,DummyPref,Municipality-1531,Municipality-1531 Cho
01532,DummyPref,Municipality-1532,Municipality-1532 Cho
01533,DummyPref,Municipality-1533,Municipality-1533 Cho
01534,DummyPref,Municipality-1534,Municipality-1534 Cho
01535,DummyPref,Municipality-1535,Municipality-1535 Cho
01536,DummyPref,Municipality-1536,Municipality-1536 Cho
01537,DummyPref,Municipality-1537,Municipality-1537 Cho
01538,DummyPref,Municipality-1538,Municipality-1538 Cho
01539,DummyPref,Municipality-1539,Municipality-1539 Cho
01540,DummyPref,Municipality-1540,Municipality-1540 Cho
01541,DummyPref,Municipality-1541,Municipality-1541 Cho
01542,DummyPref,Municipality-1542,Municipality-1542 Cho
01543,DummyPref,Municipality-1543,Municipality-1543 Cho
01544,DummyPref,Municipality-1544,Municipality-1544 Cho
01545,DummyPref,Municipality-1545,Municipality-1545 Cho
01546,DummyPref,Municipality-1546,Municipality-1546 Cho
01547,DummyPref,Municipality-1547,Municipality-1547 Cho
01548,DummyPref,Municipality-1548,Municipality-1548 Cho
01549,DummyPref,Municipality-1549,Municipality-1549 Cho
01550,DummyPref,Municipality-1550,Municipality-1550 Cho
01551,DummyPref,Municipality-1551,Municipality-1551 Cho
01552,DummyPref,Municipality-1552,Municipality-1552 Cho
01553,DummyPref,Municipality-1553,Municipality-1553 Cho
01554,DummyPref,Municipality-1554,Municipality-1554 Cho
01555,DummyPref,Municipality-1555,Municipality-1555 Cho
01556,DummyPref,Municipality-1556,Municipality-1556 Cho
01557,DummyPref,Municipality-1557,Municipality-1557 Cho
01558,DummyPref,Municipality-1558,Municipality-1558 Cho
01559,DummyPref,Municipality-1559,Municipality-1559 Cho
01560,DummyPref,Municipality-1560,Municipality-1560 Cho
01561,DummyPref,Municipality-1561,Municipality-1561 Cho
01562,DummyPref,Municipality-1562,Municipality-1562 Cho
01563,DummyPref,Municipality-1563,Municipality-1563 Cho
01564,DummyPref,Municipality-1564,Municipality-1564 Cho
01565,DummyPref,Municipality-1565,Municipality-1565 Cho
01566,DummyPref,Municipality-1566,Municipality-1566 Cho
01567,DummyPref,Municipality-1567,Municipality-1567 Cho
01568,DummyPref,Municipality-1568,Municipality-1568 Cho
01569,DummyPref,Municipality-1569,Municipality-1569 Cho
01570,DummyPref,Municipality-1570,Municipality-1570 Cho
01571,DummyPref,Municipality-1571,Municipality-1571 Cho
01572,DummyPref,Municipality-1572,Municipality-1572 Cho
01573,DummyPref,Municipality-1573,Municipality-1573 Cho
01574,DummyPref,Municipality-1574,Municipality-1574 Cho
01575,DummyPref,Municipality-1575,Municipality-1575 Cho
01576,DummyPref,Municipality-1576,Municipality-1576 Cho
01577,DummyPref,Municipality-1577,Municipality-1577 Cho
01578,DummyPref,Municipality-1578,Municipality-1578 Cho
01579,DummyPref,Municipality-1579,Municipality-1579 Cho
01580,DummyPref,Municipality-1580,Municipality-1580 Cho
01581,DummyPref,Municipality-1581,Municipality-1581 Cho
01582,DummyPref,Municipality-1582,Municipality-1582 Cho
01583,DummyPref,Municipality-1583,Municipality-1583 Cho
01584,DummyPref,Municipality-1584,Municipality-1584 Cho
01585,DummyPref,Municipality-1585,Municipality-1585 Cho
01586,DummyPref,Municipality-1586,Municipality-1586 Cho
01587,DummyPref,Municipality-1587,Municipality-1587 Cho
01588,DummyPref,Municipality-1588,Municipality-1588 Cho
01589,DummyPref,Municipality-1589,Municipality-1589 Cho
01590,DummyPref,Municipality-1590,Municipality-1590 Cho
01591,DummyPref,Municipality-1591,Municipality-1591 Cho
01592,DummyPref,Municipality-1592,Municipality-1592 Cho
01593,DummyPref,Municipality-1593,Municipality-1593 Cho
01594,DummyPref,Municipality-1594,Municipality-1594 Cho
01595,DummyPref,Municipality-1595,Municipality-1595 Cho
01596,DummyPref,Municipality-1596,Municipality-1596 Cho
01597,DummyPref,Municipality-1597,Municipality-1597 Cho
01598,DummyPref,Municipality-1598,Municipality-1598 Cho
01599,DummyPref,Municipality-1599,Municipality-1599 Cho
01600,DummyPref,Municipality-1600,Municipality-1600 Cho
01601,DummyPref,Municipality-1601,Municipality-1601 Cho
01602,DummyPref,Municipality-1602,Municipality-1602 Cho
01603,DummyPref,Municipality-1603,Municipality-1603 Cho
01604,DummyPref,Municipality-1604,Municipality-1604 Cho
01605,DummyPref,Municipality-1605,Municipality-1605 Cho
01606,DummyPref,Municipality-1606,Municipality-1606 Cho
01607,DummyPref,Municipality-1607,Municipality-1607 Cho
01608,DummyPref,Municipality-1608,Municipality-1608 Cho
01609,DummyPref,Municipality-1609,Municipality-1609 Cho
01610,DummyPref,Municipality-1610,Municipality-1610 Cho
01611,DummyPref,Municipality-1611,Municipality-1611 Cho
01612,DummyPref,Municipality-1612,Municipality-1612 Cho
01613,DummyPref,Municipality-1613,Municipality-1613 Cho
01614,DummyPref,Municipality-1614,Municipality-1614 Cho
01615,DummyPref,Municipality-1615,Municipality-1615 Cho
01616,DummyPref,Municipality-1616,Municipality-1616 Cho
01617,DummyPref,Municipality-1617,Municipality-1617 Cho
01618,DummyPref,Municipality-1618,Municipality-1618 Cho
01619,DummyPref,Municipality-1619,Municipality-1619 Cho
01620,DummyPref,Municipality-1620,Municipality-1620 Cho
01621,DummyPref,Municipality-1621,Municipality-1621 Cho
01622,DummyPref,Municipality-1622,Municipality-1622 Cho
01623,DummyPref,Municipality-1623,Municipality-1623 Cho
01624,DummyPref,Municipality-1624,Municipality-1624 Cho
01625,DummyPref,Municipality-1625,Municipality-1625 Cho
01626,DummyPref,Municipality-1626,Municipality-1626 Cho
01627,DummyPref,Municipality-1627,Municipality-1627 Cho
01628,DummyPref,Municipality-1628,Municipality-1628 Cho
01629,DummyPref,Municipality-1629,Municipality-1629 Cho
01630,DummyPref,Municipality-1630,Municipality-1630 Cho
01631,DummyPref,Municipality-1631,Municipality-1631 Cho
01632,DummyPref,Municipality-1632,Municipality-1632 Cho
01633,DummyPref,Municipality-1633,Municipality-1633 Cho
01634,DummyPref,Municipality-1634,Municipality-1634 Cho
01635,DummyPref,Municipality-1635,Municipality-1635 Cho
01636,DummyPref,Municipality-1636,Municipality-1636 Cho
01637,DummyPref,Municipality-1637,Municipality-1637 Cho
01638,DummyPref,Municipality-1638,Municipality-1638 Cho
01639,DummyPref,Municipality-1639,Municipality-1639 Cho
01640,DummyPref,Municipality-1640,Municipality-1640 Cho
01641,DummyPref,Municipality-1641,Municipality-1641 Cho
01642,DummyPref,Municipality-1642,Municipality-1642 Cho
01643,DummyPref,Municipality-1643,Municipality-1643 Cho
01644,DummyPref,Municipality-1644,Municipality-1644 Cho
01645,DummyPref,Municipality-1645,Municipality-1645 Cho
01646,DummyPref,Municipality-1646,Municipality-1646 Cho
01647,DummyPref,Municipality-1647,Municipality-1647 Cho
01648,DummyPref,Municipality-1648,Municipality-1648 Cho
01649,DummyPref,Municipality-1649,Municipality-1649 Cho
01650,DummyPref,Municipality-1650,Municipality-1650 Cho
01651,DummyPref,Municipality-1651,Municipality-1651 Cho
01652,DummyPref,Municipality-1652,Municipality-1652 Cho
01653,DummyPref,Municipality-1653,Municipality-1653 Cho
01654,DummyPref,Municipality-1654,Municipality-1654 Cho
01655,DummyPref,Municipality-1655,Municipality-1655 Cho
01656,DummyPref,Municipality-1656,Municipality-1656 Cho
01657,DummyPref,Municipality-1657,Municipality-1657 Cho
01658,DummyPref,Municipality-1658,Municipality-1658 Cho
01659,DummyPref,Municipality-1659,Municipality-1659 Cho
01660,DummyPref,Municipality-1660,Municipality-1660 Cho
01661,DummyPref,Municipality-1661,Municipality-1661 Cho
01662,DummyPref,Municipality-1662,Municipality-1662 Cho
01663,DummyPref,Municipality-1663,Municipality-1663 Cho
01664,DummyPref,Municipality-1664,Municipality-1664 Cho
01665,DummyPref,Municipality-1665,Municipality-1665 Cho
01666,DummyPref,Municipality-1666,Municipality-1666 Cho
01667,DummyPref,Municipality-1667,Municipality-1667 Cho
01668,DummyPref,Municipality-1668,Municipality-1668 Cho
01669,DummyPref,Municipality-1669,Municipality-1669 Cho
01670,DummyPref,Municipality-1670,Municipality-1670 Cho
01671,DummyPref,Municipality-1671,Municipality-1671 Cho
01672,DummyPref,Municipality-1672,Municipality-1672 Cho
01673,DummyPref,Municipality-1673,Municipality-1673 Cho
01674,DummyPref,Municipality-1674,Municipality-1674 Cho
01675,DummyPref,Municipality-1675,Municipality-1675 Cho
01676,DummyPref,Municipality-1676,Municipality-1676 Cho
01677,DummyPref,Municipality-1677,Municipality-1677 Cho
01678,DummyPref,Municipality-1678,Municipality-1678 Cho
01679,DummyPref,Municipality-1679,Municipality-1679 Cho
01680,DummyPref,Municipality-1680,Municipality-1680 Cho
01681,DummyPref,Municipality-1681,Municipality-1681 Cho
01682,DummyPref,Municipality-1682,Municipality-1682 Cho
01683,DummyPref,Municipality-1683,Municipality-1683 Cho
01684,DummyPref,Municipality-1684,Municipality-1684 Cho
01685,DummyPref,Municipality-1685,Municipality-1685 Cho
01686,DummyPref,Municipality-1686,Municipality-1686 Cho
01687,DummyPref,Municipality-1687,Municipality-1687 Cho
01688,DummyPref,Municipality-1688,Municipality-1688 Cho
01689,DummyPref,Municipality-1689,Municipality-1689 Cho
01690,DummyPref,Municipality-1690,Municipality-1690 Cho
01691,DummyPref,Municipality-1691,Municipality-1691 Cho
01692,DummyPref,Municipality-1692,Municipality-1692 Cho
01693,DummyPref,Municipality-1693,Municipality-1693 Cho
01694,DummyPref,Municipality-1694,Municipality-1694 Cho
01695,DummyPref,Municipality-1695,Municipality-1695 Cho
01696,DummyPref,Municipality-1696,Municipality-1696 Cho
01697,DummyPref,Municipality-1697,Municipality-1697 Cho
01698,DummyPref,Municipality-1698,Municipality-1698 Cho
01699,DummyPref,Municipality-1699,Municipality-1699 Cho
01700,DummyPref,Municipality-1700,Municipality-1700 Cho
01701,DummyPref,Municipality-1701,Municipality-1701 Cho
01702,DummyPref,Municipality-1702,Municipality-1702 Cho
01703,DummyPref,Municipality-1703,Municipality-1703 Cho
01704,DummyPref,Municipality-1704,Municipality-1704 Cho
01705,DummyPref,Municipality-1705,Municipality-1705 Cho
01706,DummyPref,Municipality-1706,Municipality-1706 Cho
01707,DummyPref,Municipality-1707,Municipality-1707 Cho
01708,DummyPref,Municipality-1708,Municipality-1708 Cho
01709,DummyPref,Municipality-1709,Municipality-1709 Cho
01710,DummyPref,Municipality-1710,Municipality-1710 Cho
01711,DummyPref,Municipality-1711,Municipality-1711 Cho
01712,DummyPref,Municipality-1712,Municipality-1712 Cho
01713,DummyPref,Municipality-1713,Municipality-1713 Cho
01714,DummyPref,Municipality-1714,Municipality-1714 Cho
01715,DummyPref,Municipality-1715,Municipality-1715 Cho
01716,DummyPref,Municipality-1716,Municipality-1716 Cho
01717,DummyPref,Municipality-1717,Municipality-1717 Cho
01718,DummyPref,Municipality-1718,Municipality-1718 Cho
01719,DummyPref,Municipality-1719,Municipality-1719 Cho
01720,DummyPref,Municipality-1720,Municipality-1720 Cho
01721,DummyPref,Municipality-1721,Municipality-1721 Cho
01722,DummyPref,Municipality-1722,Municipality-1722 Cho
01723,DummyPref,Municipality-1723,Municipality-1723 Cho
01724,DummyPref,Municipality-1724,Municipality-1724 Cho
01725,DummyPref,Municipality-1725,Municipality-1725 Cho
01726,DummyPref,Municipality-1726,Municipality-1726 Cho
01727,DummyPref,Municipality-1727,Municipality-1727 Cho
01728,DummyPref,Municipality-1728,Municipality-1728 Cho
01729,DummyPref,Municipality-1729,Municipality-1729 Cho
01730,DummyPref,Municipality-1730,Municipality-1730 Cho
01731,DummyPref,Municipality-1731,Municipality-1731 Cho
01732,DummyPref,Municipality-1732,Municipality-1732 Cho
01733,DummyPref,Municipality-1733,Municipality-1733 Cho
01734,DummyPref,Municipality-1734,Municipality-1734 Cho
01735,DummyPref,Municipality-1735,Municipality-1735 Cho
01736,DummyPref,Municipality-1736,Municipality-1736 Cho
01737,DummyPref,Municipality-1737,Municipality-1737 Cho
01738,DummyPref,Municipality-1738,Municipality-1738 Cho
01739,DummyPref,Municipality-1739,Municipality-1739 Cho
01740,DummyPref,Municipality-1740,Municipality-1740 Cho
01741,DummyPref,Municipality-1741,Municipality-1741 Cho
